event_id,state_id,district_id,datetime,lat,lon,magnitude_ml,depth_km,pga_g,epicentral_distance_km,fault_type,fault_strike,source_agency,seismic_hazard_index
1,35,4,2023-05-26 11:40:28,24.7376,92.6236,5.1,35.4,0.9628,154.3,Oblique,NW,ISR,2.455
2,10,1,2020-01-14 04:42:06,24.0977,96.8882,2.8,24.4,0.7751,329.2,Strike-Slip,NE,NCS,1.085
3,4,1,2019-09-10 16:00:30,26.1743,91.242,1.6,1.0,0.9739,470.6,Reverse,NE,USGS,0.779
4,42,5,2022-04-20 01:40:25,20.1119,98.4287,3.7,1.9,0.9929,205.7,Normal,NE,ISR,1.837
5,60,8,2022-04-14 06:03:15,23.9899,93.9162,3.2,13.1,0.6632,494.1,Reverse,E,NCS,1.061
6,60,8,2018-10-19 05:12:30,26.3742,94.1014,1.0,49.7,1.1302,178.7,Oblique,E,ISR,0.565
7,26,3,2024-08-11 07:35:49,22.8488,91.2959,2.2,12.8,0.2631,460.7,Oblique,E,ISR,0.289
8,50,6,2020-07-18 10:56:03,22.4692,93.5082,1.5,35.8,0.1379,103.3,Oblique,NE,NCS,0.103
9,14,2,2019-04-10 01:57:06,23.2571,91.4224,6.0,16.9,0.6301,318.7,Normal,NW,NCS,1.89
10,40,5,2020-09-16 15:51:40,28.4545,95.6931,6.7,28.6,0.8211,391.0,Normal,E,NCS,2.751
11,4,1,2020-12-16 12:06:03,25.4162,89.8573,4.4,12.9,1.4273,230.7,Reverse,E,IMD,3.14
12,9,1,2021-04-29 17:55:33,29.0355,92.182,6.6,12.8,1.0924,487.9,Oblique,N,ISR,3.605
13,54,6,2021-03-01 15:13:54,29.3125,90.5888,6.9,7.8,0.079,288.0,Oblique,NE,ISR,0.273
14,40,5,2022-09-09 17:55:42,28.8782,97.4768,2.0,17.2,0.1136,97.4,Reverse,NW,USGS,0.114
15,22,2,2019-12-07 04:00:23,23.8974,96.8668,2.9,20.6,0.8595,318.3,Reverse,N,ISR,1.246
16,53,6,2018-04-08 22:10:57,27.8287,92.3093,4.3,38.9,0.4326,440.3,Reverse,E,NCS,0.93
17,46,5,2024-04-12 04:35:08,21.907,97.5193,2.1,67.6,1.2214,114.3,Oblique,E,ISR,1.282
18,46,5,2023-04-07 02:02:27,23.6529,95.7445,2.6,31.6,0.4281,262.2,Reverse,NE,USGS,0.557
19,50,6,2021-07-07 15:49:50,22.2122,93.0024,5.4,12.8,1.0826,308.1,Reverse,E,NCS,2.923
20,31,3,2019-01-16 09:29:01,28.1104,94.1198,5.9,69.1,0.8327,334.3,Normal,NE,NCS,2.456
21,45,5,2018-08-02 01:06:23,30.1745,94.9548,4.0,5.9,1.0838,54.3,Normal,NE,IMD,2.168
22,25,3,2020-10-29 14:28:45,25.1202,98.4456,2.0,63.7,0.0257,239.6,Reverse,N,USGS,0.026
23,6,1,2023-07-29 12:21:22,26.8252,96.088,1.2,68.0,0.3506,59.9,Normal,NW,USGS,0.21
24,27,3,2022-11-08 14:28:58,24.0684,90.0312,1.8,6.0,0.6876,256.7,Normal,N,ISR,0.619
25,13,2,2024-03-13 12:00:34,27.5637,99.9578,6.7,4.6,1.1784,145.9,Reverse,NE,IMD,3.948
26,41,5,2020-09-04 12:34:56,21.0029,94.8795,1.2,35.5,0.8875,112.9,Strike-Slip,E,USGS,0.532
27,60,8,2021-08-25 07:41:40,25.9719,95.5972,3.8,67.0,0.0445,25.9,Strike-Slip,NW,NCS,0.085
28,60,8,2024-09-02 03:26:31,24.7639,96.3847,1.8,33.6,0.5597,221.1,Reverse,E,NCS,0.504
29,26,3,2020-10-21 05:44:36,22.998,88.8438,4.6,56.5,0.7146,414.2,Oblique,NE,IMD,1.644
30,62,8,2021-05-26 16:03:15,28.0559,92.7899,2.7,67.7,0.4019,278.2,Normal,NE,ISR,0.543
31,33,4,2024-07-22 08:43:54,24.2863,99.5607,7.1,15.1,1.0795,456.5,Oblique,E,USGS,3.832
32,44,5,2022-01-09 21:37:09,29.6814,99.0443,6.8,26.7,0.6116,58.4,Oblique,E,USGS,2.079
33,16,2,2023-03-17 23:37:36,23.9195,92.0537,1.9,59.1,1.4545,327.9,Oblique,NE,IMD,1.382
34,16,2,2021-10-29 07:51:46,24.9116,91.1093,3.0,2.1,1.1106,142.9,Reverse,N,ISR,1.666
35,51,6,2022-02-09 10:01:11,31.1291,92.8215,2.4,5.3,0.2241,224.6,Reverse,E,IMD,0.269
36,53,6,2024-09-08 03:27:48,28.3869,92.2384,5.3,48.9,0.647,258.0,Normal,NE,IMD,1.715
37,47,6,2018-01-05 02:10:50,29.4762,100.3918,6.4,26.6,0.3049,241.1,Normal,NE,NCS,0.976
38,12,1,2019-05-21 07:25:58,26.9505,98.8761,4.2,40.0,0.1232,437.1,Reverse,E,ISR,0.259
39,1,1,2020-04-22 02:35:41,25.4703,89.3884,3.1,17.0,0.4518,365.2,Reverse,E,USGS,0.7
40,4,1,2018-08-08 03:53:10,25.1946,91.1605,6.1,21.4,1.4488,215.8,Strike-Slip,N,NCS,4.419
41,15,2,2019-04-29 09:54:32,27.8827,98.4684,6.5,32.5,1.341,495.0,Strike-Slip,E,NCS,4.358
42,21,2,2022-11-08 11:32:22,25.8769,99.0829,4.6,8.3,1.1311,300.0,Normal,E,USGS,2.602
43,12,1,2023-02-21 16:08:49,27.3104,96.1312,2.4,39.3,0.4134,121.7,Normal,N,NCS,0.496
44,3,1,2020-04-08 08:00:59,28.6854,98.8154,3.0,36.9,1.0279,24.2,Normal,NW,IMD,1.542
45,60,8,2021-09-13 21:30:14,23.5909,94.2646,1.7,8.6,0.2536,51.1,Reverse,E,IMD,0.216
46,49,6,2019-10-22 17:51:55,30.8257,97.9672,6.2,20.5,0.0242,362.9,Reverse,NE,IMD,0.075
47,49,6,2022-04-15 12:42:36,27.5724,100.6092,2.2,32.7,0.022,332.9,Oblique,NW,NCS,0.024
48,34,4,2021-11-27 19:13:06,24.8862,96.3096,2.0,10.9,1.2654,399.1,Normal,E,USGS,1.265
49,34,4,2023-08-23 15:50:05,23.9793,95.7727,4.7,11.0,1.09,87.4,Strike-Slip,E,NCS,2.562
50,52,6,2018-08-30 01:39:38,28.7271,98.0363,1.6,21.9,0.5935,299.1,Strike-Slip,NE,IMD,0.475
51,7,1,2019-08-18 13:11:09,26.2889,94.1685,3.9,66.8,0.0421,18.8,Strike-Slip,N,USGS,0.082
52,52,6,2022-10-19 02:14:38,27.8371,101.2328,3.0,14.3,1.3309,199.7,Normal,N,IMD,1.996
53,61,8,2024-03-11 05:55:55,27.5575,89.9993,5.2,34.4,0.7896,395.1,Oblique,NW,USGS,2.053
54,24,3,2023-10-07 02:51:34,22.3212,97.3023,6.7,47.6,1.4265,338.1,Strike-Slip,NW,ISR,4.779
55,40,5,2020-08-19 05:24:29,27.2969,98.4361,2.2,10.5,0.0946,374.5,Strike-Slip,N,ISR,0.104
56,25,3,2019-08-16 15:54:37,24.8678,96.1511,1.2,35.8,0.8479,349.1,Normal,NE,IMD,0.509
57,14,2,2023-01-19 00:34:45,23.7018,94.4913,5.5,51.4,0.1377,374.2,Reverse,NW,ISR,0.379
58,24,3,2022-08-10 17:07:18,26.1592,100.5057,4.2,59.9,1.2722,286.4,Strike-Slip,N,ISR,2.672
59,15,2,2023-02-06 19:17:41,25.5951,98.4226,3.2,49.7,1.2846,251.0,Reverse,E,NCS,2.055
60,59,8,2022-12-23 19:36:14,25.5971,93.074,6.8,1.8,0.4681,12.3,Strike-Slip,NE,ISR,1.592
61,7,1,2020-08-10 19:47:19,25.0777,92.0967,7.1,47.2,0.2899,421.3,Oblique,NW,ISR,1.029
62,14,2,2022-12-08 10:25:11,21.6883,93.8838,5.3,69.8,0.4545,423.1,Strike-Slip,N,IMD,1.204
63,33,4,2023-09-25 20:36:25,23.7066,99.7857,2.3,58.2,1.2589,361.8,Oblique,NE,NCS,1.448
64,51,6,2019-07-15 13:20:07,28.7363,90.6839,6.5,67.9,0.6884,128.6,Normal,NE,IMD,2.237
65,17,2,2018-09-16 05:56:09,23.8295,92.276,2.2,65.2,1.1645,75.5,Normal,NE,NCS,1.281
66,57,7,2019-11-28 22:48:05,24.1043,92.2715,5.0,5.8,0.2009,60.1,Reverse,NE,IMD,0.502
67,32,3,2019-05-15 13:38:11,26.6738,94.376,2.4,36.0,1.4158,53.2,Strike-Slip,N,USGS,1.699
68,41,5,2018-06-18 09:46:36,22.8194,94.6677,2.1,35.6,0.5504,3.9,Reverse,E,ISR,0.578
69,7,1,2021-01-29 17:54:31,25.7113,94.072,3.8,67.8,1.0932,427.1,Strike-Slip,NW,NCS,2.077
70,33,4,2020-08-23 15:48:35,22.2034,99.5544,5.7,16.6,0.193,103.7,Oblique,E,NCS,0.55
71,18,2,2019-01-25 22:23:31,28.8088,97.8108,5.8,8.9,1.2589,458.1,Normal,N,IMD,3.651
72,49,6,2024-02-07 06:48:40,30.9423,98.6194,3.3,66.3,0.7938,423.4,Normal,N,ISR,1.31
73,38,4,2019-06-07 20:27:14,30.8253,97.239,4.8,17.0,0.5218,0.3,Oblique,N,NCS,1.252
74,41,5,2019-03-28 11:04:01,22.8361,95.2157,2.9,37.7,0.6506,481.8,Reverse,NE,ISR,0.943
75,23,3,2022-07-04 12:12:33,26.8881,92.0626,4.6,53.6,1.409,249.9,Strike-Slip,E,NCS,3.241
76,39,4,2021-10-23 18:59:19,28.8088,91.3371,1.5,40.9,0.448,490.1,Normal,E,USGS,0.336
77,43,5,2020-10-19 04:11:28,31.2309,96.1945,4.7,10.5,1.3732,245.3,Oblique,NW,IMD,3.227
78,13,2,2018-12-27 13:58:53,25.1086,99.0062,7.0,22.2,1.3067,321.0,Strike-Slip,NW,ISR,4.573
79,18,2,2024-01-12 06:35:31,28.2482,97.8036,4.8,21.0,0.5553,52.0,Normal,NW,IMD,1.333
80,36,4,2018-05-10 05:14:03,23.4495,89.4012,7.1,4.3,0.5273,439.3,Reverse,NE,NCS,1.872
81,1,1,2024-03-08 03:54:12,26.6424,90.6215,5.8,52.3,0.9092,239.5,Normal,NE,NCS,2.637
82,54,6,2022-09-05 00:54:38,30.2069,91.706,2.6,50.2,0.5536,367.5,Oblique,E,NCS,0.72
83,17,2,2023-01-18 18:57:54,22.1752,92.3444,6.1,37.8,1.4143,62.2,Strike-Slip,NE,ISR,4.314
84,44,5,2022-04-19 00:33:15,31.1911,99.8802,1.7,36.7,0.3849,469.0,Reverse,NE,ISR,0.327
85,52,6,2019-06-12 06:54:16,29.3456,98.1925,4.7,22.2,0.8909,496.0,Reverse,NE,NCS,2.094
86,31,3,2019-01-08 09:42:26,29.0331,96.0046,1.8,23.0,0.8492,100.9,Normal,E,IMD,0.764
87,33,4,2019-11-21 16:47:31,23.3726,98.3124,2.5,57.1,1.1371,244.8,Normal,NW,ISR,1.421
88,5,1,2020-02-21 22:14:08,24.5486,96.2449,1.9,18.6,1.4865,81.1,Oblique,NW,IMD,1.412
89,50,6,2024-01-26 06:49:21,24.1556,94.289,6.8,13.7,0.6104,289.8,Reverse,NE,NCS,2.075
90,59,8,2021-07-24 11:27:09,24.4981,94.1335,4.4,11.6,1.4823,414.5,Normal,N,IMD,3.261
91,31,3,2020-01-27 15:23:36,27.4802,93.6253,3.3,52.8,0.8045,449.1,Oblique,E,USGS,1.327
92,12,1,2024-07-26 05:26:36,28.3225,98.1239,3.2,51.9,1.3783,278.0,Reverse,NE,USGS,2.205
93,4,1,2019-03-22 14:46:39,26.2887,88.9211,6.3,28.1,0.6278,208.6,Normal,NE,ISR,1.978
94,27,3,2024-04-14 17:00:23,26.5055,89.9553,1.8,20.6,1.1919,16.6,Reverse,E,IMD,1.073
95,19,2,2024-10-24 18:38:49,25.0237,94.6443,4.5,21.4,0.2937,481.2,Strike-Slip,NE,IMD,0.661
96,16,2,2020-03-13 05:35:04,25.4999,92.0387,7.0,45.4,0.7987,164.5,Oblique,N,NCS,2.795
97,46,5,2018-05-20 17:49:06,21.648,98.7027,4.9,10.4,0.9584,98.3,Oblique,E,ISR,2.348
98,31,3,2019-01-18 03:20:56,29.4729,95.0224,1.3,68.2,0.3701,259.0,Oblique,NE,IMD,0.241
99,25,3,2020-01-19 14:55:25,28.4519,98.0649,3.5,19.5,0.1478,471.7,Reverse,E,ISR,0.259
100,47,6,2024-10-24 07:36:29,27.9832,97.4601,5.4,40.0,0.9523,242.4,Normal,E,IMD,2.571
101,51,6,2022-07-28 21:07:02,30.4663,89.411,3.4,8.2,1.4334,149.7,Strike-Slip,N,USGS,2.437
102,8,1,2020-06-10 19:44:32,23.6887,99.9855,2.2,39.0,1.3262,92.7,Oblique,E,ISR,1.459
103,18,2,2023-09-21 17:11:33,27.2028,98.4653,1.5,17.4,0.2526,235.5,Strike-Slip,N,IMD,0.189
104,47,6,2019-07-01 19:21:43,28.099,98.6453,5.9,53.0,0.3166,172.3,Reverse,NE,IMD,0.934
105,39,4,2022-09-12 14:49:02,27.4322,92.0989,2.6,14.2,0.675,493.8,Reverse,NW,USGS,0.878
106,62,8,2019-02-22 07:17:21,28.7601,92.8843,3.7,66.8,0.1632,317.3,Normal,NW,IMD,0.302
107,30,3,2018-10-13 04:01:33,26.9611,93.6911,2.9,56.4,0.9393,22.0,Normal,NE,IMD,1.362
108,61,8,2022-01-31 03:51:25,25.2319,89.3248,1.7,6.4,0.7151,283.8,Strike-Slip,E,NCS,0.608
109,4,1,2018-09-10 00:13:45,25.467,88.7916,4.2,17.9,0.3427,187.5,Strike-Slip,NE,IMD,0.72
110,27,3,2020-02-20 22:10:01,24.2832,91.3099,1.1,43.8,0.5932,49.6,Oblique,E,ISR,0.326
111,60,8,2020-12-05 19:04:43,23.1294,97.1562,3.1,50.3,0.2476,274.3,Oblique,NW,IMD,0.384
112,45,5,2021-09-07 01:04:18,29.8719,95.6071,4.4,57.6,1.0552,474.1,Normal,E,NCS,2.321
113,56,7,2023-11-27 12:33:07,28.4594,97.699,7.1,26.2,0.3359,248.9,Strike-Slip,N,NCS,1.192
114,20,2,2022-05-12 18:49:02,24.4406,93.0827,2.7,37.2,0.9185,476.4,Reverse,E,NCS,1.24
115,22,2,2024-05-12 11:55:04,23.1537,96.3007,5.1,66.9,0.9064,433.5,Strike-Slip,N,ISR,2.311
116,42,5,2020-07-22 21:01:47,23.389,96.2947,1.7,63.7,0.1754,202.6,Strike-Slip,NW,IMD,0.149
117,2,1,2018-09-19 05:33:00,25.3138,90.0063,7.1,66.7,0.7299,151.9,Strike-Slip,NW,NCS,2.591
118,32,3,2024-10-24 15:15:59,27.2947,94.4789,6.7,43.6,0.5093,358.0,Normal,NE,ISR,1.706
119,27,3,2019-05-30 16:47:28,26.6753,89.4305,3.5,51.1,0.3396,255.1,Strike-Slip,NE,USGS,0.594
120,4,1,2024-03-31 19:59:20,28.6573,88.813,2.3,43.6,1.1171,9.6,Strike-Slip,N,IMD,1.285
121,1,1,2022-07-22 04:32:38,27.7718,88.3546,2.5,10.8,1.0691,191.2,Normal,NE,USGS,1.336
122,58,7,2021-10-18 09:41:26,28.3725,92.4602,2.9,11.5,0.4004,51.8,Reverse,N,IMD,0.581
123,43,5,2019-06-01 12:38:53,31.3229,98.8086,6.1,36.1,1.4739,276.4,Strike-Slip,NE,USGS,4.495
124,23,3,2019-08-29 07:25:16,26.2834,91.7853,5.4,48.1,1.4872,461.4,Normal,E,IMD,4.015
125,20,2,2023-01-27 20:32:31,24.24,94.8632,4.7,25.1,1.2027,176.5,Oblique,NW,USGS,2.826
126,51,6,2020-09-20 21:14:41,31.4026,90.9065,1.7,10.7,0.8746,376.1,Normal,N,ISR,0.743
127,29,3,2018-09-28 07:50:50,25.994,99.7487,4.7,6.2,0.586,331.2,Oblique,NE,NCS,1.377
128,56,7,2024-01-05 07:50:15,29.3317,99.4547,4.9,48.0,0.2828,306.4,Oblique,N,IMD,0.693
129,19,2,2022-09-12 13:18:59,23.7283,94.7097,5.5,16.6,1.4439,113.5,Strike-Slip,NE,NCS,3.971
130,59,8,2019-11-10 16:21:06,27.4326,92.401,3.8,50.8,0.695,347.5,Reverse,E,NCS,1.32
131,52,6,2019-08-08 21:03:46,29.1922,100.9629,6.0,38.2,0.173,426.0,Oblique,NW,USGS,0.519
132,36,4,2021-08-25 18:13:27,26.9006,89.0279,1.1,12.6,1.308,492.8,Reverse,E,IMD,0.719
133,42,5,2024-04-25 03:19:51,23.3279,98.191,3.0,52.1,0.8925,172.0,Reverse,N,ISR,1.339
134,38,4,2022-12-07 05:02:50,31.4689,98.7611,6.5,11.7,1.3824,422.4,Strike-Slip,NW,IMD,4.493
135,32,3,2022-12-22 01:54:45,25.0049,95.3746,4.1,29.3,0.4897,166.6,Strike-Slip,NW,ISR,1.004
136,42,5,2021-01-13 05:26:21,21.83,95.5598,6.2,23.1,1.2342,273.7,Strike-Slip,NW,ISR,3.826
137,2,1,2022-06-28 05:18:39,22.7647,92.3431,1.9,50.1,0.0088,157.6,Strike-Slip,NE,USGS,0.008
138,12,1,2018-11-06 21:55:57,26.3956,98.5488,2.9,42.5,0.2486,297.2,Reverse,E,USGS,0.36
139,26,3,2021-09-17 19:43:44,22.119,90.7067,5.5,69.5,1.4801,151.0,Normal,NE,ISR,4.07
140,21,2,2023-05-31 09:16:27,25.3788,98.8858,4.4,54.2,0.398,121.8,Reverse,NE,ISR,0.876
141,19,2,2018-05-30 16:00:17,24.756,97.2767,5.5,66.9,0.2112,126.0,Strike-Slip,E,USGS,0.581
142,9,1,2018-12-05 11:30:35,26.8831,94.8367,2.1,62.1,0.8189,164.7,Oblique,NW,NCS,0.86
143,53,6,2018-10-23 09:30:22,29.2653,91.0611,6.2,62.7,1.3526,312.7,Strike-Slip,E,USGS,4.193
144,17,2,2021-07-09 08:37:48,24.0381,93.311,5.8,63.2,1.0932,313.4,Oblique,E,ISR,3.17
145,32,3,2019-03-22 22:41:38,25.9908,94.7977,5.7,45.4,0.7064,117.5,Reverse,E,IMD,2.013
146,41,5,2024-09-22 01:37:10,21.5075,93.0875,5.8,67.9,0.9735,183.0,Oblique,NE,USGS,2.823
147,59,8,2018-03-26 21:21:13,25.2549,94.1239,3.3,63.1,0.932,211.6,Oblique,E,NCS,1.538
148,17,2,2019-10-11 09:23:37,22.0743,92.0068,1.2,6.3,0.3721,316.8,Oblique,N,USGS,0.223
149,59,8,2022-08-22 10:57:27,26.7339,92.0109,6.4,27.8,0.637,411.6,Reverse,E,NCS,2.038
150,39,4,2022-03-19 10:01:59,27.5437,92.2054,5.1,29.1,1.4835,467.6,Strike-Slip,E,ISR,3.783
151,55,7,2022-10-29 22:43:20,27.9945,94.0709,3.6,59.2,1.0503,360.3,Normal,E,IMD,1.891
152,24,3,2022-10-18 16:35:27,25.7832,98.2509,4.1,13.2,0.9829,327.6,Strike-Slip,N,USGS,2.015
153,60,8,2022-05-10 06:11:17,24.8812,94.7897,1.6,26.5,1.3331,366.5,Normal,NE,IMD,1.066
154,49,6,2018-02-02 11:26:15,29.529,98.1826,6.7,52.3,1.1305,477.8,Reverse,N,IMD,3.787
155,3,1,2019-08-22 00:46:29,26.3466,100.3366,1.3,31.4,0.3358,245.3,Normal,NE,IMD,0.218
156,49,6,2020-12-30 03:07:26,28.806,99.0791,2.3,21.7,0.2136,327.3,Reverse,E,IMD,0.246
157,12,1,2019-04-26 19:27:01,26.5403,99.1437,1.1,39.4,0.3038,424.3,Oblique,NE,NCS,0.167
158,31,3,2019-10-08 04:12:49,28.6774,95.3793,5.0,25.9,1.2277,342.1,Reverse,E,NCS,3.069
159,41,5,2019-03-07 21:21:47,24.0341,95.7598,1.9,35.6,1.4726,96.3,Strike-Slip,NE,USGS,1.399
160,46,5,2019-10-10 07:45:14,23.3352,99.0366,1.7,49.8,0.1034,285.7,Reverse,NW,USGS,0.088
161,53,6,2022-12-07 11:23:06,26.8112,92.8583,5.0,2.4,0.0268,304.0,Normal,NE,USGS,0.067
162,7,1,2022-08-20 00:35:10,26.1892,91.6647,6.8,43.7,0.9464,349.8,Reverse,NE,USGS,3.218
163,48,6,2024-03-24 06:24:15,25.1971,96.8845,5.1,56.0,1.0417,95.3,Normal,E,ISR,2.656
164,56,7,2024-11-06 05:45:49,28.5539,97.1389,1.8,65.1,0.7126,384.2,Normal,N,ISR,0.641
165,36,4,2019-04-08 09:35:24,24.7378,91.1798,1.6,65.6,0.1615,147.2,Oblique,NW,IMD,0.129
166,49,6,2024-07-28 13:38:45,28.1062,100.1153,1.3,13.9,1.3351,16.4,Normal,NW,USGS,0.868
167,19,2,2024-10-29 05:39:09,25.5674,95.1122,4.0,8.8,0.627,245.0,Reverse,E,NCS,1.254
168,33,4,2019-02-15 12:17:03,24.5722,101.5677,2.6,13.8,0.7904,161.8,Reverse,E,IMD,1.028
169,7,1,2020-05-07 18:58:53,26.0157,93.0353,6.9,8.6,1.2061,149.6,Normal,NW,ISR,4.161
170,31,3,2024-06-12 15:23:39,26.7928,94.5512,6.7,64.4,1.2423,331.0,Oblique,E,ISR,4.162
171,42,5,2022-06-12 00:04:34,22.6808,96.6999,3.4,57.4,0.6966,60.0,Oblique,NW,ISR,1.184
172,31,3,2024-09-19 16:55:27,28.5487,95.1845,6.6,44.3,0.4021,324.9,Strike-Slip,NW,ISR,1.327
173,25,3,2024-09-13 14:42:16,25.8654,96.643,6.2,27.1,0.3908,218.4,Oblique,NE,IMD,1.211
174,49,6,2022-09-15 16:00:27,30.5177,98.8092,3.0,22.5,0.9274,37.4,Oblique,NE,USGS,1.391
175,45,5,2023-11-10 04:27:11,26.7757,96.5422,2.7,38.7,1.2391,182.9,Normal,NE,IMD,1.673
176,3,1,2022-05-02 10:28:40,26.4668,97.9881,1.9,34.9,0.4065,380.1,Oblique,NE,IMD,0.386
177,54,6,2019-04-16 00:34:53,30.4037,92.6756,1.6,14.3,0.9319,29.7,Oblique,NE,IMD,0.746
178,38,4,2018-07-16 07:33:11,27.774,98.4305,6.4,7.9,0.8308,203.7,Reverse,N,ISR,2.659
179,6,1,2024-05-04 07:01:23,24.8604,96.246,1.9,21.4,1.2272,230.5,Strike-Slip,E,USGS,1.166
180,11,1,2022-03-11 00:13:17,24.3045,92.4342,5.4,41.7,1.1749,7.7,Reverse,NW,IMD,3.172
181,50,6,2022-12-22 03:08:18,22.1051,92.0917,3.1,42.4,0.6472,444.2,Oblique,E,USGS,1.003
182,54,6,2021-11-09 18:41:21,30.9109,89.9473,2.9,57.6,0.3649,252.7,Reverse,E,IMD,0.529
183,29,3,2020-06-15 20:06:20,25.6178,100.8366,3.9,43.7,1.0789,222.5,Oblique,E,USGS,2.104
184,9,1,2018-02-20 00:47:04,29.2278,92.8993,3.5,22.3,1.272,442.0,Reverse,NW,IMD,2.226
185,62,8,2018-03-27 07:13:06,28.6767,90.9361,2.5,18.0,0.4007,120.3,Oblique,N,NCS,0.501
186,62,8,2019-01-08 17:14:13,26.5411,91.2844,3.5,55.4,0.2434,450.0,Strike-Slip,N,USGS,0.426
187,17,2,2022-01-30 13:17:47,22.0259,92.0412,6.6,42.9,0.0336,406.3,Reverse,NE,USGS,0.111
188,58,7,2019-09-28 21:26:05,26.6645,95.5718,4.9,4.6,0.5331,280.9,Reverse,NE,IMD,1.306
189,16,2,2023-12-04 03:23:10,22.5037,91.4981,4.4,38.8,0.8231,166.8,Normal,NW,NCS,1.811
190,16,2,2023-12-21 00:50:50,24.7618,89.6128,6.1,64.9,1.2824,93.0,Strike-Slip,NE,USGS,3.911
191,39,4,2021-03-08 15:05:11,26.0157,91.4497,5.6,54.7,0.6604,104.9,Reverse,NE,ISR,1.849
192,11,1,2018-05-03 00:43:26,24.4061,91.5028,3.8,41.2,0.5313,324.5,Reverse,NW,NCS,1.009
193,40,5,2020-11-21 03:42:55,29.5741,99.5491,7.1,15.8,0.021,346.0,Normal,N,IMD,0.075
194,29,3,2023-02-11 23:18:20,24.1451,98.9322,5.8,16.3,1.2868,336.3,Strike-Slip,N,IMD,3.732
195,46,5,2018-02-25 23:26:06,24.2888,96.1836,2.7,17.3,1.0962,447.0,Reverse,NE,USGS,1.48
196,23,3,2018-08-01 22:54:46,27.7607,91.8979,6.4,35.0,1.4746,343.8,Normal,NW,USGS,4.719
197,24,3,2023-09-03 21:38:26,24.0519,99.8919,4.0,56.5,0.8477,236.1,Strike-Slip,NE,USGS,1.695
198,57,7,2022-10-13 07:13:19,25.4746,93.8048,1.7,17.4,0.7554,81.7,Strike-Slip,NE,ISR,0.642
199,34,4,2019-07-20 12:53:36,25.6502,97.2953,1.6,17.1,1.3709,279.6,Reverse,E,NCS,1.097
200,55,7,2024-02-27 00:52:54,29.7173,95.1681,6.6,43.9,0.6969,112.4,Oblique,N,IMD,2.3
201,25,3,2018-03-05 04:21:36,26.0511,97.1993,6.6,17.3,0.5987,49.3,Oblique,NW,USGS,1.976
202,37,4,2023-03-10 18:14:47,26.8389,93.8129,2.7,37.6,1.0853,112.0,Normal,NE,IMD,1.465
203,48,6,2020-06-02 09:39:07,27.4935,94.3403,7.0,65.1,0.1899,355.9,Reverse,N,ISR,0.665
204,21,2,2018-08-23 07:24:29,24.3361,98.3994,6.6,47.2,0.7738,40.9,Oblique,NE,IMD,2.554
205,62,8,2018-01-23 17:34:53,28.7376,91.513,2.4,49.2,0.6848,374.7,Reverse,NW,ISR,0.822
206,25,3,2020-05-14 18:03:40,25.9193,95.2162,2.8,23.3,0.0295,407.0,Strike-Slip,N,ISR,0.041
207,36,4,2021-07-23 00:10:31,25.0617,91.006,3.4,43.5,0.0187,177.0,Normal,N,NCS,0.032
208,34,4,2023-09-17 13:59:57,26.1189,96.8407,4.4,4.1,0.9049,197.4,Reverse,NE,NCS,1.991
209,47,6,2023-05-09 19:54:09,29.332,98.7486,2.9,46.1,0.9927,401.2,Normal,NE,USGS,1.439
210,61,8,2023-02-27 03:40:02,25.4586,90.0119,5.0,54.0,0.0644,173.1,Strike-Slip,NW,IMD,0.161
211,61,8,2023-04-11 00:26:17,24.9624,89.0356,3.2,30.6,1.06,80.0,Normal,NW,USGS,1.696
212,46,5,2020-08-17 22:11:33,21.419,96.0405,5.2,59.3,0.6871,293.0,Normal,NW,ISR,1.786
213,24,3,2023-01-30 11:38:25,23.2412,97.5758,4.8,1.3,0.2061,381.3,Strike-Slip,NE,IMD,0.495
214,35,4,2023-05-19 12:05:19,23.9513,90.0963,1.4,37.8,1.05,481.1,Strike-Slip,N,USGS,0.735
215,47,6,2018-10-10 08:13:37,29.9704,99.5865,4.9,69.9,0.6016,38.8,Oblique,NW,NCS,1.474
216,18,2,2023-08-11 16:48:19,30.0333,97.2189,7.0,1.7,1.0139,49.4,Strike-Slip,NW,NCS,3.549
217,44,5,2019-03-04 01:32:33,28.3659,100.3382,5.0,33.1,1.2336,212.4,Reverse,NW,ISR,3.084
218,33,4,2022-07-16 22:07:11,23.9418,98.5356,5.5,48.2,0.1746,118.1,Reverse,N,NCS,0.48
219,61,8,2020-06-02 15:17:41,26.7155,88.88,2.8,48.2,1.2458,68.3,Oblique,NE,USGS,1.744
220,24,3,2019-03-31 10:34:23,23.0222,101.0617,3.6,19.0,0.8531,420.0,Oblique,N,IMD,1.536
221,11,1,2023-09-13 16:56:35,21.34,91.6538,3.5,37.9,0.2347,79.8,Oblique,NW,IMD,0.411
222,23,3,2018-04-01 23:46:09,29.1572,91.3823,5.6,10.1,1.115,54.0,Oblique,N,IMD,3.122
223,42,5,2023-09-07 08:05:53,21.1439,96.1906,5.6,11.2,0.5697,92.0,Reverse,E,NCS,1.595
224,38,4,2021-11-02 07:31:00,28.0137,100.4995,6.0,27.8,0.0034,361.9,Strike-Slip,NW,NCS,0.01
225,20,2,2021-10-25 15:27:19,22.5863,94.9475,6.6,40.7,0.1274,276.6,Oblique,NE,IMD,0.42
226,32,3,2022-05-27 09:21:01,23.8785,96.226,1.1,53.1,0.6098,127.7,Normal,NW,USGS,0.335
227,31,3,2022-12-09 03:07:17,27.5372,96.433,2.4,39.6,1.0515,74.9,Strike-Slip,N,USGS,1.262
228,51,6,2021-07-25 22:29:30,29.7515,92.6116,7.0,25.5,0.8302,20.9,Reverse,N,ISR,2.906
229,17,2,2019-01-14 07:10:27,22.0142,92.5721,4.1,54.3,0.1801,330.7,Normal,N,USGS,0.369
230,34,4,2024-04-29 19:30:04,25.783,96.0034,5.7,48.9,0.7258,280.1,Reverse,E,NCS,2.069
231,46,5,2019-04-19 00:08:25,21.844,96.6876,1.6,57.1,1.2224,44.4,Oblique,NW,ISR,0.978
232,23,3,2023-04-08 13:36:29,28.1155,89.9736,2.0,8.5,1.1836,81.1,Oblique,NE,USGS,1.184
233,6,1,2024-04-02 20:52:27,28.202,99.0435,4.7,39.8,1.0899,81.1,Oblique,E,IMD,2.561
234,53,6,2021-06-28 12:16:50,27.7105,91.1995,5.0,17.2,0.6446,286.9,Oblique,E,IMD,1.611
235,29,3,2024-01-26 13:00:23,26.9477,97.8454,5.1,66.2,1.1841,113.4,Normal,NE,USGS,3.019
236,20,2,2018-02-20 20:10:14,25.0411,93.8631,2.9,3.7,0.2854,142.0,Normal,N,USGS,0.414
237,22,2,2020-07-18 07:30:15,22.0757,98.0837,1.1,48.3,0.8528,93.0,Reverse,NE,IMD,0.469
238,9,1,2020-04-22 06:56:50,28.2159,95.3947,6.8,37.1,0.8789,393.4,Reverse,NE,USGS,2.988
239,29,3,2019-07-09 12:02:46,24.0756,98.9466,4.9,67.9,0.0214,362.5,Reverse,E,ISR,0.052
240,36,4,2023-10-22 18:36:07,23.6972,91.8411,4.8,56.1,0.8355,417.8,Reverse,NW,ISR,2.005
241,15,2,2021-06-29 13:11:55,26.5083,96.7058,6.3,40.1,1.0065,168.4,Reverse,N,ISR,3.17
242,57,7,2024-06-12 02:54:01,23.2993,91.4276,6.5,40.3,0.8978,30.5,Oblique,N,IMD,2.918
243,40,5,2021-08-13 02:37:56,26.0442,98.0045,1.7,2.0,1.2888,437.8,Normal,N,NCS,1.095
244,57,7,2023-05-08 05:48:35,22.6745,92.1955,3.1,7.4,0.4198,103.6,Reverse,N,IMD,0.651
245,52,6,2023-03-24 21:45:07,28.9018,98.6036,1.4,42.5,0.6611,102.1,Oblique,N,USGS,0.463
246,16,2,2024-12-21 12:58:30,23.8357,92.2447,6.4,26.2,0.4456,285.9,Strike-Slip,NW,NCS,1.426
247,18,2,2020-03-02 03:57:14,30.6832,99.8152,2.1,64.5,1.2256,89.0,Oblique,E,USGS,1.287
248,2,1,2022-09-01 05:16:57,23.8985,91.38,5.4,6.1,1.0999,328.9,Reverse,NW,NCS,2.97
249,37,4,2022-05-26 06:07:28,27.9038,93.9241,4.2,47.2,0.7739,403.8,Normal,E,USGS,1.625
250,7,1,2021-06-22 13:09:53,26.4143,92.5353,4.6,51.4,1.2272,408.2,Strike-Slip,N,ISR,2.823
251,28,3,2018-04-02 22:18:53,29.1062,92.1255,4.2,38.3,1.1945,38.5,Normal,N,IMD,2.508
252,53,6,2020-07-10 20:08:45,29.1849,90.5919,5.2,38.9,0.2677,194.6,Oblique,NE,USGS,0.696
253,34,4,2019-07-14 05:34:09,26.8143,98.3656,4.2,38.3,0.0079,137.9,Oblique,NE,IMD,0.017
254,27,3,2018-03-03 16:38:35,26.6249,90.686,5.8,67.1,0.0105,250.3,Strike-Slip,NE,IMD,0.03
255,26,3,2020-02-02 14:56:02,23.1232,90.2264,3.7,25.5,1.0013,124.8,Normal,E,ISR,1.852
256,57,7,2021-11-09 21:37:10,23.5248,92.7262,6.6,3.1,1.3132,381.2,Normal,N,ISR,4.334
257,15,2,2024-08-07 20:30:44,28.2896,99.3041,2.8,5.5,0.0155,102.7,Normal,N,IMD,0.022
258,17,2,2019-01-11 13:29:17,25.0265,92.0439,3.2,11.2,0.6721,248.3,Strike-Slip,NW,USGS,1.075
259,56,7,2019-08-31 01:13:58,28.8779,98.4957,3.1,4.0,1.4029,117.6,Strike-Slip,N,IMD,2.174
260,25,3,2024-04-24 13:17:23,25.1048,96.7692,6.7,41.3,1.3065,386.5,Strike-Slip,N,NCS,4.377
261,20,2,2023-06-19 04:46:40,21.777,93.4067,4.5,40.3,1.2864,415.9,Strike-Slip,E,ISR,2.894
262,12,1,2024-05-13 17:07:21,26.223,99.3832,2.7,21.2,0.4816,350.4,Normal,NE,USGS,0.65
263,45,5,2018-12-21 23:19:01,30.4932,93.9779,3.1,35.7,1.2758,487.4,Oblique,N,IMD,1.977
264,48,6,2022-08-18 14:14:28,27.4826,96.5176,6.0,11.1,1.136,33.7,Normal,NE,NCS,3.408
265,21,2,2023-01-27 16:48:34,25.7057,97.8722,6.3,58.3,0.0286,91.0,Strike-Slip,E,IMD,0.09
266,28,3,2021-05-31 03:15:02,27.6849,92.3316,1.7,49.1,0.7664,481.2,Oblique,E,USGS,0.651
267,3,1,2022-03-16 19:15:03,28.3097,98.4477,3.1,1.9,0.6073,222.8,Oblique,N,IMD,0.941
268,12,1,2019-02-05 13:06:20,25.4878,98.6316,3.0,59.4,0.1892,223.1,Normal,N,ISR,0.284
269,58,7,2018-06-07 07:05:28,26.51,93.4238,5.4,41.0,0.6305,25.9,Reverse,NE,USGS,1.702
270,8,1,2018-11-27 16:34:51,25.7956,99.6988,1.8,68.0,1.1224,329.8,Reverse,NW,IMD,1.01
271,56,7,2019-08-16 14:16:06,29.5214,99.4573,5.1,57.2,0.6603,23.4,Oblique,NW,NCS,1.684
272,55,7,2022-06-02 01:47:31,30.9231,92.7279,2.4,66.2,0.8063,445.0,Reverse,NE,USGS,0.968
273,51,6,2022-02-12 04:40:28,27.9226,92.3401,3.0,39.5,1.4288,299.5,Reverse,E,IMD,2.143
274,10,1,2021-04-26 20:52:00,22.2425,97.5942,6.0,42.3,0.2221,351.1,Normal,NW,USGS,0.666
275,38,4,2020-03-13 16:19:47,29.2252,97.4431,1.3,29.0,0.6435,60.8,Reverse,N,ISR,0.418
276,33,4,2021-04-02 04:48:16,25.2975,99.1154,2.9,51.7,0.7043,409.8,Normal,E,ISR,1.021
277,37,4,2020-12-18 04:34:51,28.1743,92.9041,4.5,46.0,0.882,75.8,Oblique,E,USGS,1.984
278,42,5,2020-03-23 07:47:59,21.0537,98.9304,1.2,33.4,1.0683,147.8,Strike-Slip,NE,USGS,0.641
279,56,7,2024-07-05 14:23:14,29.6886,98.3929,2.2,9.8,1.2737,74.8,Oblique,N,ISR,1.401
280,3,1,2018-12-14 20:19:46,25.4488,98.0462,3.8,18.5,0.7064,26.1,Oblique,NE,IMD,1.342
281,44,5,2021-10-11 09:11:47,27.8967,98.7311,3.1,48.0,1.3454,191.7,Strike-Slip,NE,IMD,2.085
282,5,1,2021-11-30 15:22:23,25.6964,94.0289,3.1,50.5,0.0923,410.4,Normal,NW,ISR,0.143
283,51,6,2018-04-19 17:10:46,30.1543,89.4139,1.4,46.1,0.6784,319.7,Oblique,NE,ISR,0.475
284,45,5,2019-07-11 04:36:38,27.6287,95.0961,1.2,18.6,1.0509,48.4,Reverse,E,IMD,0.631
285,2,1,2022-11-27 18:02:45,23.89,89.571,4.7,6.2,0.6961,119.9,Reverse,N,USGS,1.636
286,39,4,2024-01-07 17:14:08,28.1001,91.2919,3.4,4.9,0.8505,236.4,Reverse,E,USGS,1.446
287,3,1,2019-08-14 04:11:37,25.9777,97.8574,2.7,4.5,1.289,279.4,Reverse,NE,USGS,1.74
288,20,2,2023-11-22 11:06:19,23.3503,94.2637,3.3,63.7,1.257,0.0,Oblique,NW,USGS,2.074
289,58,7,2023-11-08 02:33:12,26.7891,96.168,4.4,44.7,0.6517,18.4,Normal,E,NCS,1.434
290,21,2,2023-10-10 01:20:11,22.8843,98.5526,3.4,58.4,1.1977,150.7,Strike-Slip,N,NCS,2.036
291,44,5,2020-06-17 00:14:32,28.7344,98.9452,2.5,28.1,1.0245,333.2,Normal,E,USGS,1.281
292,39,4,2019-10-25 14:10:25,28.9708,90.349,4.1,2.4,0.5756,457.5,Normal,E,USGS,1.18
293,22,2,2022-06-29 07:21:44,21.317,98.186,3.9,34.8,0.0579,364.1,Normal,N,USGS,0.113
294,32,3,2024-04-27 12:50:03,23.4402,95.9669,6.1,23.8,1.4406,302.4,Normal,E,ISR,4.394
295,35,4,2020-04-14 08:10:22,23.2088,91.5854,5.3,1.6,0.1861,427.6,Normal,NW,NCS,0.493
296,53,6,2021-03-21 03:26:34,28.4107,92.9154,3.1,59.2,0.167,128.2,Normal,E,NCS,0.259
297,28,3,2020-09-10 07:34:45,27.7984,92.6503,5.6,35.3,0.4823,280.3,Oblique,NW,USGS,1.35
298,29,3,2022-08-28 02:57:42,25.5859,99.2168,4.0,57.9,0.7668,68.5,Reverse,NW,IMD,1.534
299,47,6,2022-07-21 18:21:06,28.695,100.5148,2.9,8.5,0.0429,370.6,Strike-Slip,NE,NCS,0.062
300,15,2,2024-05-15 00:11:07,28.503,98.1313,6.0,18.3,0.1583,295.1,Reverse,N,ISR,0.475
301,9,1,2018-08-07 22:02:59,29.0878,92.5893,1.6,40.8,0.4918,88.3,Normal,N,USGS,0.393
302,4,1,2024-04-13 10:40:59,24.9549,91.9658,2.9,35.7,0.0961,347.4,Reverse,N,IMD,0.139
303,32,3,2024-08-10 14:02:35,25.6626,96.2551,5.8,42.6,0.0922,476.7,Normal,NE,ISR,0.267
304,57,7,2019-06-25 22:47:32,25.3539,92.8579,4.7,46.0,0.1305,114.5,Strike-Slip,NW,ISR,0.307
305,36,4,2021-06-19 20:19:15,24.4689,91.5759,1.1,42.7,0.1416,461.6,Strike-Slip,N,IMD,0.078
306,28,3,2018-08-21 09:51:51,30.7426,94.023,5.6,44.0,0.914,441.8,Oblique,NE,ISR,2.559
307,28,3,2022-03-31 09:32:25,28.7671,93.8506,3.1,6.5,0.2474,129.2,Strike-Slip,NE,IMD,0.383
308,38,4,2023-08-30 03:51:31,29.7206,97.638,7.0,20.4,0.7399,66.2,Normal,N,ISR,2.59
309,15,2,2020-12-11 14:46:37,26.7979,97.4548,5.6,45.0,0.6958,29.9,Normal,N,USGS,1.948
310,36,4,2018-05-19 00:23:20,27.2627,89.6732,7.1,51.3,1.0155,314.9,Normal,NW,NCS,3.605
311,15,2,2022-04-30 05:19:25,26.8989,99.9836,5.6,53.8,0.725,63.7,Reverse,NW,ISR,2.03
312,6,1,2024-09-15 02:13:41,26.2368,97.1946,6.5,67.0,1.1456,291.4,Reverse,E,USGS,3.723
313,14,2,2018-01-21 21:57:23,22.6014,93.7977,1.8,17.9,0.1008,297.6,Oblique,NE,IMD,0.091
314,7,1,2023-01-16 02:37:24,28.2233,92.7581,2.9,27.6,1.0137,305.1,Strike-Slip,NE,NCS,1.47
315,38,4,2020-02-14 19:02:25,29.4691,96.6195,4.2,29.2,0.6246,246.5,Normal,N,IMD,1.312
316,20,2,2024-12-08 10:00:20,22.2321,94.4491,6.4,14.9,0.5396,99.8,Oblique,NE,USGS,1.727
317,41,5,2022-11-16 13:45:09,23.5031,94.9912,1.7,56.5,0.1859,85.8,Normal,NW,ISR,0.158
318,15,2,2023-02-27 15:05:09,25.8176,97.6284,5.0,37.8,0.5199,451.7,Reverse,E,ISR,1.3
319,9,1,2024-09-04 11:19:54,26.3863,95.119,6.4,33.6,0.8512,209.8,Reverse,NE,USGS,2.724
320,32,3,2021-07-07 17:14:31,26.5774,95.4453,2.9,51.6,0.0023,281.4,Reverse,N,ISR,0.003
321,50,6,2023-09-15 12:56:03,23.9369,94.067,5.7,60.1,1.1746,137.2,Oblique,E,NCS,3.348
322,13,2,2020-03-26 20:28:44,25.0117,98.541,3.0,5.1,0.3775,88.8,Strike-Slip,NE,USGS,0.566
323,31,3,2018-08-10 16:13:37,26.4942,97.169,4.4,52.7,1.3728,414.0,Normal,E,NCS,3.02
324,42,5,2021-04-01 14:30:37,22.342,96.442,4.6,39.8,1.4562,249.1,Oblique,NW,USGS,3.349
325,52,6,2024-05-10 02:33:48,28.1974,101.3653,6.1,12.3,1.209,470.2,Reverse,NE,ISR,3.687
326,48,6,2020-03-21 06:13:00,25.9208,94.812,6.3,53.0,1.3627,1.7,Oblique,N,NCS,4.293
327,9,1,2021-04-09 07:14:04,28.9145,93.7569,1.6,27.9,1.0721,188.5,Oblique,N,NCS,0.858
328,1,1,2020-08-02 20:42:38,28.052,89.8462,1.8,4.5,1.1264,403.2,Reverse,E,USGS,1.014
329,28,3,2021-11-09 20:40:43,28.7991,92.8875,1.7,49.4,0.7102,139.2,Reverse,NE,ISR,0.604
330,22,2,2018-09-19 05:54:58,22.0082,95.1286,1.3,35.4,0.2744,280.4,Oblique,N,USGS,0.178
331,30,3,2024-09-27 04:17:25,26.4483,90.8246,6.6,17.0,0.7723,222.4,Reverse,N,ISR,2.549
332,33,4,2020-10-13 15:05:17,22.8013,101.4759,4.1,17.5,1.0275,394.9,Oblique,N,USGS,2.106
333,12,1,2023-05-27 13:17:41,28.5208,97.3549,2.1,48.1,1.2832,168.5,Normal,NE,USGS,1.347
334,7,1,2018-12-18 15:14:09,27.7731,93.4817,4.0,33.2,0.972,309.1,Normal,NE,NCS,1.944
335,28,3,2023-10-07 03:22:10,29.1436,94.7161,1.4,68.3,0.6594,3.8,Strike-Slip,NW,USGS,0.462
336,14,2,2019-07-08 08:14:50,24.2611,92.837,6.2,12.0,1.3025,416.9,Reverse,N,ISR,4.038
337,24,3,2018-09-13 12:46:32,23.263,98.4768,2.3,25.4,1.3548,324.4,Reverse,NW,IMD,1.558
338,55,7,2022-06-07 00:07:17,28.9848,95.5287,3.9,41.2,0.8237,269.0,Oblique,E,IMD,1.606
339,45,5,2022-04-29 04:01:09,28.7189,96.1385,6.3,37.3,0.8718,186.8,Reverse,N,ISR,2.746
340,22,2,2020-05-07 02:16:36,23.0113,96.1288,2.4,10.2,1.0485,132.2,Reverse,NW,IMD,1.258
341,17,2,2023-12-16 00:59:01,23.9196,92.3963,3.7,33.3,1.2285,188.0,Normal,N,ISR,2.273
342,8,1,2019-03-25 23:18:28,24.0184,96.8889,2.9,57.9,0.4492,76.2,Strike-Slip,E,ISR,0.651
343,9,1,2022-05-04 23:22:03,27.4875,92.3739,4.8,64.8,0.8421,270.1,Normal,N,IMD,2.021
344,5,1,2020-03-06 03:15:39,22.1285,96.3084,3.1,18.0,0.2919,394.0,Normal,NW,USGS,0.452
345,31,3,2022-02-09 18:35:06,29.2306,94.1356,5.8,55.3,0.7007,150.5,Strike-Slip,E,NCS,2.032
346,10,1,2020-05-18 15:34:27,24.0136,99.318,5.1,28.5,1.4614,136.7,Reverse,NE,USGS,3.727
347,9,1,2023-01-16 21:00:20,27.713,91.976,1.3,49.4,1.352,326.2,Strike-Slip,NW,ISR,0.879
348,44,5,2021-01-30 17:20:43,27.867,97.9002,2.7,32.3,1.249,128.2,Reverse,NE,USGS,1.686
349,10,1,2023-06-24 23:21:13,22.012,98.1561,4.5,34.3,0.172,403.0,Strike-Slip,N,USGS,0.387
350,62,8,2023-06-16 13:34:39,28.8053,92.6411,5.4,2.2,0.8264,222.1,Normal,N,USGS,2.231
351,41,5,2024-08-29 08:32:47,21.2227,93.5462,3.7,33.7,0.1163,2.5,Strike-Slip,NW,ISR,0.215
352,18,2,2022-10-29 15:10:37,27.7725,100.082,5.3,5.0,0.7234,256.1,Normal,N,USGS,1.917
353,29,3,2022-05-12 14:52:14,24.3016,99.5263,5.0,24.1,1.0024,45.4,Normal,NW,NCS,2.506
354,37,4,2019-02-24 19:17:41,28.6906,95.6583,6.8,59.4,1.1208,67.6,Normal,E,USGS,3.811
355,23,3,2022-12-26 09:12:02,29.1743,93.2196,1.5,57.8,0.7951,200.0,Oblique,N,ISR,0.596
356,33,4,2021-09-03 03:17:11,23.1996,98.4215,3.8,13.3,1.0707,337.7,Reverse,N,ISR,2.034
357,39,4,2019-03-03 19:18:34,25.7759,89.3822,7.1,3.1,0.9597,78.3,Strike-Slip,NW,NCS,3.407
358,52,6,2020-07-09 08:40:35,29.5054,100.4776,6.9,14.4,1.4043,498.1,Oblique,N,IMD,4.845
359,12,1,2024-07-18 08:48:33,27.9314,98.1769,2.1,18.4,0.9754,165.6,Strike-Slip,NE,IMD,1.024
360,40,5,2024-01-19 08:16:05,29.4327,96.2633,4.7,40.2,0.9816,433.6,Normal,NE,ISR,2.307
361,3,1,2020-10-17 10:27:16,27.4489,98.7353,5.7,65.3,0.294,323.8,Strike-Slip,E,IMD,0.838
362,24,3,2022-01-19 08:41:09,25.9335,97.5324,1.4,10.6,0.869,111.7,Reverse,N,ISR,0.608
363,10,1,2018-12-03 07:40:46,24.4497,95.785,3.1,64.9,1.0775,356.0,Reverse,NW,IMD,1.67
364,54,6,2023-06-02 22:54:11,28.2047,90.6843,3.2,6.1,0.7103,143.4,Oblique,NW,ISR,1.136
365,28,3,2022-01-26 09:19:34,27.398,93.2995,2.4,10.6,1.4667,301.0,Normal,NW,ISR,1.76
366,60,8,2024-09-13 23:30:31,25.3811,97.4187,3.6,19.4,1.1258,447.3,Strike-Slip,NE,IMD,2.026
367,46,5,2024-04-09 08:36:52,23.8452,98.0354,2.5,62.2,1.1345,472.2,Oblique,E,IMD,1.418
368,19,2,2019-11-07 05:35:07,22.5779,97.7256,3.4,21.4,0.9677,108.8,Strike-Slip,E,NCS,1.645
369,51,6,2020-10-10 01:30:17,30.8361,89.3434,3.7,45.8,0.4116,481.0,Reverse,NW,IMD,0.761
370,39,4,2022-06-17 10:47:23,28.6044,89.1918,5.6,47.5,1.2126,494.5,Oblique,E,USGS,3.395
371,52,6,2023-06-26 09:46:05,26.8243,101.6147,2.9,55.6,0.1963,145.2,Reverse,N,IMD,0.285
372,34,4,2020-01-11 17:47:58,24.1947,95.7886,5.9,32.4,1.232,162.4,Reverse,E,IMD,3.634
373,8,1,2018-10-27 16:48:56,23.5552,98.0393,4.0,24.0,0.5901,460.5,Oblique,NW,ISR,1.18
374,58,7,2024-03-28 01:57:06,26.4337,94.6093,2.1,11.0,0.0414,257.6,Strike-Slip,N,IMD,0.043
375,2,1,2018-03-01 15:50:51,23.698,90.006,1.6,12.3,1.252,194.0,Strike-Slip,NE,IMD,1.002
376,32,3,2018-02-05 04:37:33,25.8727,94.8111,5.4,54.0,0.8756,124.3,Reverse,NW,USGS,2.364
377,13,2,2019-01-26 11:44:42,24.8285,99.2962,6.1,58.5,1.3887,259.3,Strike-Slip,E,NCS,4.236
378,1,1,2022-03-28 14:34:04,27.5043,90.1632,5.0,13.9,1.4336,345.5,Reverse,E,IMD,3.584
379,31,3,2022-06-11 20:56:10,28.4115,94.5701,5.2,49.0,0.6923,378.6,Reverse,NE,USGS,1.8
380,22,2,2024-09-23 18:50:59,20.8116,94.8591,6.6,14.7,0.1419,347.3,Reverse,N,ISR,0.468
381,27,3,2024-02-09 11:31:43,24.6878,91.0889,4.4,45.9,1.0836,217.3,Strike-Slip,NE,ISR,2.384
382,56,7,2020-10-09 01:50:30,28.3663,98.1747,2.5,55.3,1.2371,493.9,Strike-Slip,E,ISR,1.546
383,4,1,2018-02-24 20:16:06,28.6743,92.1159,1.7,11.1,1.0338,379.8,Reverse,E,USGS,0.879
384,5,1,2022-12-29 07:41:53,24.9825,93.7909,2.1,36.1,0.509,94.6,Reverse,NE,NCS,0.534
385,13,2,2018-03-16 14:47:38,28.0134,99.6029,6.2,48.4,0.2423,69.4,Strike-Slip,NW,NCS,0.751
386,5,1,2019-05-18 07:45:45,25.1482,93.5189,6.3,22.6,1.2295,331.0,Oblique,N,USGS,3.873
387,17,2,2020-06-08 05:24:38,22.4056,93.6604,5.7,32.4,1.0221,151.9,Oblique,N,IMD,2.913
388,24,3,2022-02-05 08:39:40,23.9059,100.2962,3.1,34.9,0.5812,496.8,Strike-Slip,N,ISR,0.901
389,13,2,2022-01-27 05:16:15,24.5465,99.4425,5.3,8.2,1.2508,477.6,Oblique,E,IMD,3.315
390,38,4,2018-08-01 20:23:07,28.6063,96.9034,1.7,45.7,0.983,392.6,Strike-Slip,NE,NCS,0.836
391,9,1,2024-02-25 17:23:51,26.8843,92.3419,7.1,66.3,0.1483,311.6,Normal,E,ISR,0.526
392,3,1,2018-07-04 08:14:39,26.9414,100.2794,6.3,62.7,1.3418,58.2,Normal,NW,USGS,4.227
393,9,1,2019-05-20 06:24:45,27.807,94.9664,4.4,49.3,1.3892,23.7,Reverse,E,USGS,3.056
394,47,6,2021-08-14 16:54:53,28.5488,99.5325,4.8,58.1,0.4695,109.0,Oblique,E,NCS,1.127
395,20,2,2018-03-20 00:46:59,25.2487,92.6485,1.1,57.4,0.6498,109.6,Oblique,NE,USGS,0.357
396,27,3,2023-05-22 01:22:48,26.995,92.3136,4.6,62.5,1.0637,291.8,Reverse,NW,NCS,2.447
397,45,5,2023-10-01 18:38:50,28.2353,94.3873,1.3,6.1,1.0671,488.7,Strike-Slip,NW,NCS,0.694
398,16,2,2023-04-16 12:48:20,22.5676,92.2184,1.5,48.5,1.2973,80.9,Normal,NW,IMD,0.973
399,23,3,2020-03-09 03:08:44,27.1673,93.1508,5.6,38.1,0.388,499.4,Reverse,NW,USGS,1.086
400,55,7,2018-05-16 01:07:07,28.1695,96.001,5.6,67.4,0.1681,137.9,Normal,NW,ISR,0.471
401,47,6,2020-02-10 21:21:53,29.1285,98.3281,4.2,51.1,1.4144,397.4,Strike-Slip,E,IMD,2.97
402,14,2,2020-09-03 00:44:26,21.0054,91.866,3.0,7.6,0.0838,352.9,Normal,NW,ISR,0.126
403,1,1,2018-05-20 18:12:31,27.7082,91.1471,2.2,18.1,0.0051,412.3,Oblique,NE,ISR,0.006
404,56,7,2019-11-25 12:27:53,29.6745,97.2256,1.5,52.7,0.8679,308.7,Strike-Slip,E,USGS,0.651
405,59,8,2023-02-16 11:31:45,25.5878,90.5338,3.4,4.8,0.3024,123.4,Oblique,NE,NCS,0.514
406,60,8,2022-04-16 10:21:04,25.7351,96.1472,6.0,68.1,0.416,363.7,Reverse,N,USGS,1.248
407,41,5,2022-08-30 18:07:19,21.335,93.0923,1.8,26.8,0.7292,309.7,Reverse,E,ISR,0.656
408,61,8,2022-06-24 11:43:42,26.6081,88.0851,5.2,63.7,0.6573,215.6,Normal,E,USGS,1.709
409,50,6,2021-04-11 13:21:13,25.4843,90.728,4.8,55.1,1.1744,282.9,Strike-Slip,NE,ISR,2.819
410,15,2,2018-10-24 02:59:46,25.8451,96.6692,1.4,42.5,0.0624,396.9,Normal,E,ISR,0.044
411,62,8,2024-06-22 04:39:23,28.1074,93.3132,1.8,44.4,0.2524,133.6,Reverse,E,ISR,0.227
412,23,3,2024-07-27 18:06:34,29.3429,90.4073,7.1,32.6,1.1208,254.2,Reverse,NE,NCS,3.979
413,50,6,2019-07-19 07:38:21,23.1968,93.3208,2.3,55.3,0.2348,20.5,Reverse,N,USGS,0.27
414,2,1,2024-05-25 20:12:55,22.022,91.9402,6.5,3.6,0.4794,280.7,Normal,N,USGS,1.558
415,53,6,2023-08-26 03:21:10,28.0251,89.7723,4.8,27.4,0.2737,474.5,Strike-Slip,E,USGS,0.657
416,50,6,2022-01-27 14:42:52,24.1472,92.4245,3.4,2.8,0.5083,290.7,Oblique,E,USGS,0.864
417,22,2,2019-08-12 12:26:02,24.4041,97.3387,6.4,33.6,0.5169,494.3,Reverse,N,NCS,1.654
418,9,1,2018-02-04 07:52:11,25.6379,93.1858,5.7,42.9,0.6051,257.4,Oblique,NE,NCS,1.725
419,31,3,2023-05-19 22:29:18,27.029,96.9256,3.9,34.1,0.1495,355.6,Strike-Slip,E,NCS,0.292
420,39,4,2018-01-05 11:52:26,26.2444,92.6695,6.4,20.9,1.1396,27.7,Normal,NW,ISR,3.647
421,29,3,2024-02-24 00:39:27,25.6833,98.7745,5.8,52.4,0.3151,20.7,Reverse,E,USGS,0.914
422,3,1,2020-12-12 15:18:49,29.0088,100.5657,7.1,68.9,0.9581,293.1,Normal,N,USGS,3.401
423,10,1,2021-06-21 01:12:12,23.2093,99.2921,5.1,55.4,0.7908,242.2,Strike-Slip,NW,ISR,2.017
424,30,3,2024-05-10 09:19:35,24.0382,94.279,7.1,29.9,0.455,475.9,Oblique,N,USGS,1.615
425,10,1,2023-09-16 11:16:19,23.9222,99.2423,3.4,11.7,1.4388,26.6,Strike-Slip,NE,IMD,2.446
426,44,5,2023-05-03 15:29:22,29.3183,100.6095,5.4,30.5,0.3847,61.2,Reverse,NE,NCS,1.039
427,13,2,2019-08-26 08:43:00,28.0669,98.1696,3.8,40.5,0.8874,62.1,Reverse,E,NCS,1.686
428,20,2,2020-06-27 03:42:59,21.659,92.1084,3.1,48.8,0.1293,84.7,Reverse,NE,NCS,0.2
429,20,2,2024-09-05 07:22:32,24.679,94.7417,2.1,53.6,1.0988,455.0,Reverse,NW,ISR,1.154
430,18,2,2024-06-07 20:18:32,29.1063,100.1039,4.7,21.4,0.9881,116.8,Normal,NW,USGS,2.322
431,2,1,2019-08-19 08:12:04,23.3403,91.974,5.6,7.3,0.9577,326.0,Oblique,NE,NCS,2.682
432,47,6,2021-06-03 16:14:50,31.5855,99.6215,5.3,8.0,0.7273,163.3,Oblique,N,NCS,1.927
433,17,2,2021-01-19 05:02:45,24.6744,94.6262,3.7,67.4,0.9868,249.5,Reverse,E,ISR,1.826
434,18,2,2022-09-01 01:18:48,30.4027,98.0732,2.4,51.9,0.1577,64.4,Reverse,N,NCS,0.189
435,31,3,2020-12-24 14:44:33,29.4706,93.5918,1.3,11.2,0.7454,167.0,Oblique,N,ISR,0.485
436,36,4,2023-11-02 03:36:35,23.7517,92.2638,2.6,68.0,0.0882,170.8,Strike-Slip,NW,NCS,0.115
437,39,4,2021-09-29 21:15:23,27.2221,91.9928,4.4,37.8,1.0937,269.9,Normal,N,IMD,2.406
438,1,1,2022-11-15 01:18:16,26.3028,90.5589,4.3,16.0,0.1924,38.5,Oblique,NW,ISR,0.414
439,60,8,2019-02-12 23:07:47,23.6628,94.9074,7.1,20.4,0.4261,130.0,Normal,NW,USGS,1.513
440,49,6,2022-08-21 13:58:51,31.3211,99.2774,1.9,22.2,0.6087,367.6,Oblique,N,ISR,0.578
441,36,4,2024-07-18 01:09:01,24.3436,90.3771,3.0,40.8,0.6728,116.9,Oblique,NE,NCS,1.009
442,54,6,2023-01-12 05:17:43,30.6194,93.1037,5.0,55.6,0.7701,313.4,Strike-Slip,N,ISR,1.925
443,53,6,2022-09-17 03:30:07,26.7009,91.6651,5.8,46.6,1.3494,169.7,Reverse,NE,ISR,3.913
444,12,1,2019-07-23 07:04:06,28.1537,99.6501,1.9,66.2,0.5557,53.5,Reverse,NW,ISR,0.528
445,48,6,2019-12-19 05:56:54,28.4839,93.5265,4.6,5.1,0.4483,180.6,Strike-Slip,NW,ISR,1.031
446,56,7,2022-04-07 08:34:33,27.5933,96.9287,3.3,57.3,1.2118,352.3,Normal,NW,ISR,1.999
447,24,3,2023-10-23 11:31:43,22.6417,99.7623,3.6,65.6,0.1628,11.8,Oblique,NE,ISR,0.293
448,31,3,2021-11-05 16:09:57,28.6377,95.3751,4.5,28.5,0.7562,245.5,Normal,N,USGS,1.701
449,24,3,2021-05-30 14:55:12,25.0054,97.6614,2.4,4.8,1.4021,453.9,Oblique,NW,IMD,1.683
450,50,6,2022-12-04 13:29:50,24.6557,93.9569,2.8,35.1,0.3259,92.6,Reverse,NW,IMD,0.456
451,41,5,2019-04-13 12:11:07,23.4177,93.504,1.6,62.6,0.0612,239.2,Oblique,NW,NCS,0.049
452,28,3,2024-05-27 00:26:43,30.7549,93.3773,1.2,59.8,1.4039,328.8,Reverse,E,ISR,0.842
453,10,1,2021-05-30 23:49:39,25.2026,97.601,4.3,52.1,1.1107,203.8,Reverse,NE,ISR,2.388
454,3,1,2019-10-19 13:20:39,29.1457,99.1148,3.7,53.3,1.2304,447.8,Reverse,N,NCS,2.276
455,32,3,2020-07-25 01:08:47,25.1111,97.1053,4.3,67.7,1.1332,0.3,Reverse,N,IMD,2.436
456,7,1,2023-12-17 03:09:14,27.3903,91.3708,3.8,39.2,1.2756,25.2,Oblique,N,NCS,2.424
457,59,8,2023-01-11 03:15:33,24.7345,91.9408,1.3,28.5,0.8905,69.9,Oblique,NW,ISR,0.579
458,45,5,2023-04-30 18:33:18,26.9667,93.768,3.0,55.3,1.1343,416.5,Normal,NW,USGS,1.701
459,50,6,2019-07-22 01:14:50,22.2638,94.3396,2.3,3.7,0.1628,184.2,Normal,N,IMD,0.187
460,19,2,2018-01-10 23:53:53,25.6489,96.3129,7.1,28.5,0.4603,98.9,Normal,E,IMD,1.634
461,26,3,2019-01-31 06:25:21,24.0563,90.4561,2.6,36.4,0.6676,123.7,Strike-Slip,NW,IMD,0.868
462,22,2,2019-09-29 13:09:12,23.198,98.2546,5.8,15.2,0.0965,424.2,Reverse,E,USGS,0.28
463,39,4,2020-02-07 12:19:36,28.6744,92.4161,5.3,7.0,1.1187,339.5,Oblique,NE,ISR,2.965
464,3,1,2020-04-21 20:08:30,28.2534,99.3636,6.3,15.0,0.2787,30.8,Normal,E,ISR,0.878
465,38,4,2021-01-30 15:09:28,29.1899,99.2971,5.5,52.9,0.5752,95.5,Reverse,E,USGS,1.582
466,4,1,2019-05-22 06:40:14,25.3357,91.7782,6.8,33.1,0.6745,257.5,Reverse,NW,ISR,2.293
467,53,6,2020-06-09 04:40:18,27.4898,89.4156,3.6,47.0,0.4588,416.9,Oblique,E,ISR,0.826
468,48,6,2018-11-20 03:59:27,28.7713,94.0751,4.3,16.6,0.9363,471.1,Reverse,N,NCS,2.013
469,58,7,2020-03-08 12:03:04,26.3865,93.3235,4.7,12.3,0.5716,88.9,Reverse,NW,NCS,1.343
470,14,2,2020-04-21 04:10:39,22.1049,92.6073,1.9,58.4,0.6801,82.8,Strike-Slip,E,ISR,0.646
471,56,7,2023-11-11 17:53:36,29.6659,98.4193,3.1,6.2,0.4896,202.8,Strike-Slip,N,IMD,0.759
472,47,6,2018-06-02 07:06:15,28.8248,100.4096,6.4,8.4,1.3597,16.6,Normal,NW,NCS,4.351
473,51,6,2023-09-11 06:37:14,28.8947,89.0775,3.4,50.9,0.688,156.0,Reverse,E,NCS,1.17
474,40,5,2023-12-05 21:43:55,26.1064,96.9877,4.2,62.2,0.7424,369.8,Strike-Slip,E,IMD,1.559
475,30,3,2024-09-02 17:17:25,24.0866,91.9468,5.5,27.0,1.173,47.4,Normal,E,IMD,3.226
476,32,3,2018-11-08 07:13:27,26.6639,93.8593,6.0,63.5,0.7288,112.0,Normal,NW,ISR,2.186
477,50,6,2023-10-30 04:29:44,23.787,90.4403,5.6,26.2,1.0103,156.5,Oblique,E,ISR,2.829
478,62,8,2019-09-06 20:10:12,25.7405,93.2147,1.5,51.7,0.0886,73.4,Normal,E,USGS,0.066
479,7,1,2018-03-25 10:57:28,24.9102,92.2705,6.0,33.7,1.4287,401.8,Oblique,NW,USGS,4.286
480,18,2,2018-03-08 04:25:43,27.8509,96.746,3.2,60.7,1.1994,301.3,Normal,NE,IMD,1.919
481,38,4,2023-11-30 22:39:32,28.1032,97.2135,5.5,17.8,0.9178,260.9,Oblique,N,ISR,2.524
482,20,2,2020-03-03 07:22:28,24.6756,92.2944,1.6,29.7,0.5919,485.8,Normal,E,NCS,0.474
483,57,7,2023-03-28 13:35:35,23.8234,92.4317,2.8,16.3,1.4861,317.1,Normal,NW,NCS,2.081
484,37,4,2023-10-17 23:05:07,27.656,93.2383,4.8,13.0,0.2501,50.4,Strike-Slip,NE,NCS,0.6
485,53,6,2019-12-05 13:49:22,29.6602,90.3836,6.0,40.8,0.8999,466.8,Oblique,E,NCS,2.7
486,43,5,2022-08-05 08:04:55,27.9346,97.771,5.4,7.9,0.7175,455.6,Oblique,NE,USGS,1.937
487,40,5,2020-07-31 16:41:39,26.9558,99.6391,6.1,48.6,0.0971,436.3,Oblique,N,IMD,0.296
488,37,4,2018-06-10 21:29:08,27.2724,93.6754,3.3,40.9,0.0689,276.3,Strike-Slip,NE,NCS,0.114
489,21,2,2020-10-30 17:21:09,22.1493,100.7875,2.1,16.9,1.4254,161.7,Oblique,N,ISR,1.497
490,24,3,2022-10-14 09:27:14,22.574,99.068,5.6,8.9,0.152,419.2,Strike-Slip,NW,USGS,0.426
491,32,3,2024-02-20 17:06:19,24.2209,95.538,3.1,32.0,0.5878,94.7,Oblique,E,IMD,0.911
492,28,3,2019-11-25 21:49:45,29.5979,92.0287,1.7,58.7,0.2221,210.7,Reverse,N,USGS,0.189
493,10,1,2022-11-02 08:46:22,22.0834,98.6719,5.8,58.4,1.2515,119.9,Oblique,NW,USGS,3.629
494,40,5,2018-09-14 22:53:41,27.756,96.5763,3.1,13.4,1.0959,71.2,Strike-Slip,N,ISR,1.699
495,3,1,2019-12-01 21:09:52,28.4824,100.5451,2.5,10.7,0.6422,239.2,Oblique,NE,NCS,0.803
496,21,2,2021-06-05 10:00:26,25.5786,97.8437,3.5,68.8,0.6769,170.1,Normal,NW,NCS,1.185
497,10,1,2021-01-21 14:50:47,22.4597,96.4588,7.0,52.5,0.0671,77.6,Reverse,NW,NCS,0.235
498,12,1,2020-09-10 05:26:54,28.1791,97.3719,2.5,40.8,0.9893,128.6,Strike-Slip,N,USGS,1.237
499,46,5,2019-08-20 02:10:47,21.4746,99.2335,6.0,40.7,1.2746,335.7,Strike-Slip,NW,NCS,3.824
500,15,2,2021-03-12 18:54:15,25.9941,97.8724,5.5,1.2,0.7751,364.2,Strike-Slip,NE,ISR,2.132
501,9,1,2022-09-11 18:13:11,28.2848,94.7385,4.4,36.1,0.1081,418.4,Strike-Slip,N,ISR,0.238
502,31,3,2020-05-15 01:11:09,27.089,96.1716,2.5,24.3,0.6734,326.0,Strike-Slip,NE,USGS,0.842
503,17,2,2021-11-15 20:58:49,25.4502,94.8586,4.1,2.3,1.3935,157.6,Reverse,NW,USGS,2.857
504,32,3,2024-06-10 12:41:17,25.5975,95.7977,3.9,63.7,1.4576,181.7,Normal,N,IMD,2.842
505,11,1,2024-08-19 01:56:32,23.9212,91.9906,5.8,69.4,1.3029,422.9,Normal,E,ISR,3.778
506,19,2,2024-12-27 13:20:06,24.1162,95.9774,1.0,39.1,0.2176,257.6,Normal,E,IMD,0.109
507,29,3,2018-07-15 23:33:38,24.2113,99.994,2.1,26.3,1.3293,174.8,Strike-Slip,NW,ISR,1.396
508,6,1,2018-12-14 15:59:51,24.5584,95.4521,3.7,36.4,1.2117,419.3,Normal,NW,IMD,2.242
509,42,5,2020-12-08 13:35:30,20.1493,97.022,5.5,17.4,0.8212,369.4,Strike-Slip,E,USGS,2.258
510,15,2,2018-03-07 00:56:10,27.4098,97.2804,4.9,69.4,1.4396,480.1,Strike-Slip,E,IMD,3.527
511,33,4,2021-04-10 01:22:58,24.743,101.161,4.9,46.4,1.1722,176.3,Normal,N,NCS,2.872
512,41,5,2022-09-01 18:47:36,24.6973,93.1345,2.5,40.8,0.5852,77.9,Reverse,N,ISR,0.732
513,5,1,2018-06-22 03:18:08,24.2744,93.7521,5.5,3.3,0.4628,73.8,Oblique,NE,IMD,1.273
514,44,5,2021-08-16 04:29:45,29.0721,96.7561,1.2,7.3,0.6318,277.9,Reverse,NW,USGS,0.379
515,22,2,2019-04-12 11:10:19,23.2938,95.0157,4.3,44.3,0.7924,191.9,Strike-Slip,E,ISR,1.704
516,8,1,2021-07-30 18:27:40,24.3874,97.0804,1.9,20.1,1.1263,288.7,Strike-Slip,NW,USGS,1.07
517,16,2,2021-11-12 06:09:57,22.7091,90.5213,2.6,46.6,0.5167,306.3,Reverse,E,USGS,0.672
518,3,1,2022-05-07 06:09:15,25.8101,99.0532,1.4,32.5,0.0204,91.8,Strike-Slip,NW,USGS,0.014
519,52,6,2020-05-08 16:35:42,27.8758,99.2149,2.9,23.5,0.3733,299.3,Normal,NW,IMD,0.541
520,47,6,2019-01-17 15:00:20,30.474,99.0742,3.7,67.7,1.4205,152.5,Normal,E,IMD,2.628
521,28,3,2024-01-12 11:11:19,28.962,94.4896,6.2,36.9,1.0305,9.3,Reverse,E,IMD,3.195
522,34,4,2018-09-08 21:39:22,26.1983,96.1543,6.8,12.0,0.5312,339.9,Strike-Slip,NE,ISR,1.806
523,59,8,2022-06-29 01:14:49,23.8664,92.0065,6.4,2.3,0.3363,168.7,Oblique,E,ISR,1.076
524,11,1,2022-06-15 08:01:56,21.5103,92.066,1.6,42.9,0.8252,441.1,Oblique,N,USGS,0.66
525,4,1,2023-09-01 07:06:16,27.2265,90.4656,2.2,67.4,0.4234,132.2,Strike-Slip,N,ISR,0.466
526,27,3,2018-11-21 07:50:54,25.6523,92.5837,6.8,15.1,0.6242,242.3,Oblique,N,ISR,2.122
527,29,3,2022-03-12 18:54:12,27.9501,100.0033,1.9,36.9,0.5474,406.6,Normal,N,USGS,0.52
528,62,8,2018-10-21 14:24:19,28.1312,93.6274,1.7,68.7,0.0487,122.4,Oblique,NE,IMD,0.041
529,37,4,2018-10-11 11:19:49,27.7277,94.1439,2.3,64.2,1.1719,244.2,Strike-Slip,NW,NCS,1.348
530,15,2,2022-02-12 07:45:29,27.2965,98.4986,3.7,14.2,0.5289,303.7,Strike-Slip,E,IMD,0.978
531,3,1,2019-11-08 06:49:58,25.6758,97.0358,7.0,48.1,1.3234,396.8,Strike-Slip,N,NCS,4.632
532,46,5,2023-04-22 11:19:43,24.2216,96.4995,5.8,42.2,0.7203,465.4,Normal,E,IMD,2.089
533,54,6,2021-10-09 23:04:27,28.895,93.1786,2.9,9.8,0.8374,248.7,Normal,N,USGS,1.214
534,50,6,2018-01-14 18:01:54,23.7245,91.6109,1.1,47.2,0.8098,170.2,Reverse,N,USGS,0.445
535,42,5,2018-08-29 13:38:36,21.5735,95.6317,1.7,50.8,0.7298,60.1,Normal,N,IMD,0.62
536,25,3,2022-07-05 10:51:41,25.2584,97.0439,1.7,64.6,1.309,173.4,Reverse,E,ISR,1.113
537,19,2,2019-04-30 02:43:02,22.9807,97.6226,3.1,66.4,0.731,371.0,Oblique,NE,NCS,1.133
538,23,3,2024-07-03 20:05:03,28.3428,92.1329,4.4,51.2,0.4717,120.3,Strike-Slip,NW,IMD,1.038
539,55,7,2022-01-16 09:26:17,29.0918,95.4808,6.8,1.7,0.9137,357.2,Reverse,E,NCS,3.107
540,57,7,2019-03-04 07:14:31,22.9495,95.0816,2.8,51.7,0.5636,338.3,Normal,NE,NCS,0.789
541,10,1,2023-11-26 07:52:43,24.7109,96.0135,2.0,18.4,0.6726,201.0,Normal,E,IMD,0.673
542,52,6,2020-06-22 13:13:25,28.8288,100.4789,1.6,36.5,0.6868,282.0,Oblique,NW,NCS,0.549
543,3,1,2018-10-14 16:33:01,28.8074,100.862,5.3,8.3,0.8702,238.6,Normal,NW,ISR,2.306
544,19,2,2024-04-15 11:15:46,26.1328,96.976,3.2,13.4,0.7907,413.3,Oblique,NW,NCS,1.265
545,58,7,2022-07-21 01:22:45,25.8325,95.6935,2.1,47.1,0.0575,413.9,Reverse,NW,USGS,0.06
546,28,3,2018-09-29 19:17:39,30.8664,93.4574,1.4,55.9,0.8581,28.7,Oblique,E,NCS,0.601
547,58,7,2024-07-24 11:06:36,29.1743,92.6594,3.9,65.2,1.1076,324.8,Normal,E,NCS,2.16
548,36,4,2024-12-17 19:33:21,25.3284,90.1948,5.2,42.3,0.2012,249.5,Strike-Slip,NW,USGS,0.523
549,45,5,2021-05-28 19:55:00,28.3895,93.8668,3.5,35.5,1.2297,435.4,Oblique,NW,USGS,2.152
550,47,6,2020-06-11 19:15:40,30.1233,97.4539,1.4,65.1,0.3854,220.6,Oblique,NW,USGS,0.27
551,10,1,2018-08-12 19:46:43,24.585,96.3107,4.1,6.5,0.6285,266.6,Strike-Slip,NE,IMD,1.288
552,40,5,2018-01-27 23:33:00,27.6417,97.2288,6.9,31.0,0.8379,435.1,Reverse,NE,USGS,2.891
553,39,4,2022-08-12 22:20:16,28.8929,90.449,6.8,22.2,1.3574,337.6,Reverse,N,USGS,4.615
554,10,1,2018-11-19 04:30:04,22.0433,97.9135,2.1,19.4,0.2873,48.9,Strike-Slip,N,IMD,0.302
555,22,2,2022-11-09 14:53:19,23.027,96.5182,1.4,23.9,0.7541,30.5,Normal,N,ISR,0.528
556,38,4,2019-10-11 10:57:39,29.9321,98.9404,3.2,18.6,0.8121,186.0,Reverse,E,NCS,1.299
557,18,2,2023-10-10 01:12:23,28.4753,96.9908,1.8,38.1,1.4377,255.0,Reverse,E,IMD,1.294
558,47,6,2022-08-14 08:59:23,29.0855,99.2562,4.0,7.0,0.165,4.4,Normal,E,NCS,0.33
559,5,1,2020-02-22 04:53:30,24.3564,95.0639,2.5,40.1,0.4409,374.2,Normal,NW,IMD,0.551
560,7,1,2021-07-29 11:46:07,24.462,91.1077,1.2,42.4,0.2296,492.7,Oblique,E,IMD,0.138
561,21,2,2022-04-27 03:23:55,25.2793,97.7577,3.9,32.2,1.2189,193.7,Strike-Slip,E,USGS,2.377
562,57,7,2022-11-07 21:16:33,23.9047,92.6151,5.6,61.2,0.5318,219.4,Strike-Slip,N,NCS,1.489
563,4,1,2023-10-03 16:23:41,24.9988,92.0049,3.5,47.9,0.4057,403.9,Oblique,NW,IMD,0.71
564,2,1,2018-12-29 12:38:11,22.3677,91.0444,6.4,63.5,0.9193,376.6,Oblique,E,IMD,2.942
565,37,4,2021-10-27 10:01:32,24.8777,94.8734,4.6,64.3,0.481,458.1,Normal,NE,USGS,1.106
566,6,1,2020-11-04 14:52:06,26.9431,96.2772,6.0,5.9,0.467,458.3,Strike-Slip,NW,IMD,1.401
567,42,5,2020-10-11 06:25:30,21.1761,96.0862,5.2,5.9,1.109,455.5,Normal,NE,IMD,2.883
568,22,2,2023-11-15 02:22:41,22.5882,96.8045,5.0,41.7,0.6683,87.7,Oblique,E,NCS,1.671
569,40,5,2022-05-07 00:13:41,26.0441,97.572,5.1,2.5,1.0487,254.4,Reverse,NE,IMD,2.674
570,62,8,2021-03-04 06:37:28,25.7565,92.6739,6.1,26.2,0.2502,63.6,Normal,NW,USGS,0.763
571,23,3,2019-08-21 12:44:24,26.0838,92.328,3.3,45.2,1.1135,6.4,Normal,E,NCS,1.837
572,9,1,2024-01-18 17:40:30,29.2414,95.3094,5.3,50.5,0.3748,288.4,Normal,E,ISR,0.993
573,16,2,2021-04-14 21:49:39,25.2769,89.6278,3.0,28.2,0.2989,432.7,Strike-Slip,N,NCS,0.448
574,42,5,2018-11-23 07:34:52,23.2142,96.1487,4.1,29.1,1.3278,399.8,Normal,NE,ISR,2.722
575,9,1,2023-09-17 12:22:22,28.826,92.1093,1.7,66.4,0.4769,175.6,Reverse,NW,USGS,0.405
576,48,6,2021-06-03 04:58:35,28.5143,94.0095,1.9,16.6,1.013,171.7,Strike-Slip,NW,IMD,0.962
577,33,4,2020-05-28 08:08:23,24.233,100.4777,5.0,21.4,0.9341,47.7,Strike-Slip,E,IMD,2.335
578,34,4,2024-11-07 09:32:06,26.1222,96.7434,1.5,40.6,0.8164,458.3,Normal,NE,USGS,0.612
579,58,7,2024-01-21 20:10:35,28.2022,95.2157,3.5,7.5,1.3828,326.8,Strike-Slip,N,NCS,2.42
580,22,2,2022-08-01 11:50:31,23.0084,95.0006,4.6,52.5,0.7911,66.4,Reverse,E,NCS,1.82
581,40,5,2024-05-11 19:37:01,29.6674,97.3949,1.4,2.2,0.6902,201.6,Strike-Slip,NE,ISR,0.483
582,5,1,2023-09-19 17:57:07,25.3673,95.5827,2.9,6.9,0.9875,65.0,Strike-Slip,E,ISR,1.432
583,14,2,2022-12-31 18:07:54,23.278,91.7665,2.7,18.1,1.3557,250.5,Normal,E,IMD,1.83
584,58,7,2021-09-07 15:00:22,28.0015,93.9818,6.8,2.9,0.7324,495.2,Strike-Slip,NW,ISR,2.49
585,59,8,2024-09-26 01:21:07,24.6871,91.2329,3.2,55.6,1.1077,254.6,Normal,NE,NCS,1.772
586,29,3,2024-01-27 12:27:43,25.903,97.7924,5.0,30.3,0.1031,263.6,Oblique,NE,ISR,0.258
587,15,2,2020-06-17 06:58:25,26.8131,100.5641,6.4,38.4,0.1003,14.5,Strike-Slip,N,USGS,0.321
588,44,5,2020-07-15 14:08:33,28.0829,97.1919,6.1,51.7,0.3922,331.8,Strike-Slip,NW,NCS,1.196
589,41,5,2022-07-08 10:14:01,23.5863,93.7046,5.9,50.0,0.1804,10.4,Strike-Slip,NE,ISR,0.532
590,3,1,2021-03-19 21:04:26,26.2961,99.2691,4.4,65.0,0.9346,438.9,Reverse,E,ISR,2.056
591,47,6,2019-08-28 15:46:28,30.3019,97.8924,5.6,44.0,0.2534,68.4,Reverse,E,ISR,0.71
592,46,5,2022-11-11 05:00:27,24.9603,99.6,5.2,59.6,0.3744,266.0,Reverse,NW,USGS,0.973
593,21,2,2024-04-04 16:20:38,22.6292,99.6004,5.4,51.3,1.2619,422.2,Strike-Slip,NW,ISR,3.407
594,27,3,2020-01-23 18:05:54,24.5043,89.232,2.5,33.6,1.3431,27.7,Reverse,N,NCS,1.679
595,54,6,2021-09-18 00:51:09,30.9351,91.719,6.1,16.7,0.6283,179.6,Strike-Slip,N,IMD,1.916
596,62,8,2021-06-06 21:52:27,28.7543,90.3845,3.1,27.8,1.3798,33.5,Oblique,NE,ISR,2.139
597,60,8,2019-11-28 10:44:17,23.3399,97.5358,6.4,33.9,1.3798,222.4,Normal,NE,IMD,4.415
598,36,4,2020-02-29 03:13:03,25.7633,91.2603,3.0,59.1,1.2191,252.5,Oblique,E,IMD,1.829
599,51,6,2024-05-26 06:46:21,28.5579,89.3746,6.2,53.4,1.4497,106.9,Normal,NW,ISR,4.494
600,59,8,2023-10-07 17:10:09,24.7868,91.4668,4.6,39.9,1.1202,452.1,Normal,NW,IMD,2.576
601,36,4,2019-09-22 22:22:30,23.5012,91.5914,4.1,61.6,1.0297,307.1,Reverse,E,IMD,2.111
602,39,4,2021-11-13 01:47:15,27.9508,89.4989,7.0,63.5,1.2574,74.8,Normal,E,USGS,4.401
603,16,2,2020-01-30 09:44:12,23.645,90.8823,4.6,12.9,0.0455,287.9,Reverse,NW,ISR,0.105
604,62,8,2018-07-11 11:25:32,27.9107,92.8958,2.9,29.5,1.2307,7.6,Oblique,NE,USGS,1.785
605,35,4,2021-01-26 16:12:05,25.1477,92.226,3.4,11.9,0.1134,476.7,Oblique,NW,NCS,0.193
606,42,5,2019-06-03 12:29:31,22.7434,95.2356,6.6,35.1,0.0949,252.3,Oblique,NW,IMD,0.313
607,20,2,2021-12-05 14:48:16,23.8866,92.5407,4.4,60.1,0.5982,435.4,Reverse,E,NCS,1.316
608,46,5,2020-10-03 22:30:32,21.4946,99.2648,5.3,4.5,0.5731,251.1,Oblique,NE,IMD,1.519
609,18,2,2022-10-28 15:49:11,30.5292,99.2525,1.6,69.2,1.4667,427.2,Normal,N,USGS,1.173
610,42,5,2022-06-04 10:37:57,22.4141,96.7418,5.6,19.9,1.1809,242.3,Strike-Slip,NE,ISR,3.307
611,24,3,2023-03-12 01:03:53,24.4869,97.4367,2.4,18.1,0.049,463.7,Strike-Slip,N,IMD,0.059
612,62,8,2018-04-12 00:44:38,26.6476,92.6664,4.7,7.2,0.6518,362.6,Strike-Slip,NE,IMD,1.532
613,14,2,2019-08-26 19:52:45,23.6854,93.5735,6.4,34.1,0.5471,5.9,Reverse,N,NCS,1.751
614,49,6,2024-10-14 02:21:16,30.5717,100.6525,3.4,63.2,1.479,461.6,Reverse,NE,ISR,2.514
615,37,4,2023-10-04 20:43:18,27.7847,93.7152,6.6,3.6,1.0434,41.1,Normal,NE,IMD,3.443
616,61,8,2022-01-26 01:36:16,27.9877,90.921,1.1,19.8,1.3821,122.3,Oblique,NE,USGS,0.76
617,31,3,2021-12-20 22:23:32,29.6616,93.5897,2.7,11.3,0.1516,139.6,Normal,N,NCS,0.205
618,8,1,2022-11-24 10:02:14,23.5886,98.1746,5.7,26.1,1.1855,136.5,Reverse,NW,NCS,3.379
619,61,8,2020-05-10 21:11:51,26.4114,91.8036,1.4,31.6,1.2884,486.7,Normal,NE,USGS,0.902
620,24,3,2023-03-05 17:44:38,23.985,100.5811,5.2,23.3,0.9595,254.2,Normal,E,ISR,2.495
621,46,5,2020-07-22 07:32:59,21.7053,97.6162,2.7,21.6,0.7683,411.2,Strike-Slip,NW,ISR,1.037
622,1,1,2018-02-23 22:01:12,28.6049,92.2054,1.0,11.7,0.8311,253.0,Strike-Slip,N,USGS,0.416
623,37,4,2020-05-28 17:29:02,28.1413,96.4299,4.7,62.8,0.1802,88.8,Strike-Slip,E,NCS,0.423
624,17,2,2022-01-18 09:56:40,22.7047,92.6237,1.6,29.6,1.4859,195.8,Reverse,NE,ISR,1.189
625,50,6,2023-10-18 16:11:12,25.1985,91.4673,2.5,28.0,0.9184,424.7,Strike-Slip,E,IMD,1.148
626,49,6,2019-07-16 00:43:23,27.4356,98.522,4.0,45.6,0.8366,203.3,Oblique,N,IMD,1.673
627,54,6,2018-10-11 06:16:34,31.557,92.6792,6.5,68.1,0.4251,42.3,Normal,NE,IMD,1.382
628,3,1,2019-07-28 19:16:39,25.8005,99.0911,6.3,42.9,0.9607,421.8,Strike-Slip,N,USGS,3.026
629,25,3,2023-04-24 16:54:17,25.5852,95.4329,7.1,25.7,0.6486,165.9,Reverse,E,ISR,2.303
630,26,3,2022-08-11 21:38:01,24.0808,91.4241,1.4,38.1,0.8183,333.6,Oblique,E,ISR,0.573
631,59,8,2021-07-23 02:04:31,25.0064,92.32,6.7,30.6,0.4217,7.5,Reverse,N,ISR,1.413
632,2,1,2018-02-05 09:23:59,23.3429,90.1789,5.9,43.8,0.9331,142.5,Normal,NE,NCS,2.753
633,51,6,2021-09-23 18:49:05,30.7954,89.5824,5.0,34.4,0.0038,159.5,Reverse,NW,IMD,0.009
634,25,3,2024-06-20 18:00:17,27.1451,95.1594,7.1,32.2,0.1542,91.5,Strike-Slip,E,USGS,0.547
635,41,5,2024-05-12 23:38:11,21.7714,96.0147,5.9,35.8,1.2172,68.7,Reverse,NW,IMD,3.591
636,32,3,2024-02-15 05:21:34,24.9723,94.5633,5.2,2.4,0.5586,488.3,Strike-Slip,NW,IMD,1.452
637,7,1,2024-01-26 02:52:03,24.3792,90.8659,1.0,33.0,1.3932,110.2,Reverse,NW,USGS,0.697
638,54,6,2024-03-25 12:16:13,30.1187,90.9921,2.3,36.7,1.237,255.2,Reverse,NW,ISR,1.423
639,3,1,2018-08-28 05:39:16,26.5725,100.6419,7.0,67.1,1.1033,373.9,Strike-Slip,N,NCS,3.862
640,29,3,2024-08-11 07:38:49,24.2549,100.8398,4.1,8.4,0.0634,38.1,Strike-Slip,NE,USGS,0.13
641,36,4,2018-12-11 01:42:52,26.3004,88.7026,7.2,2.0,0.1836,86.1,Normal,E,ISR,0.661
642,9,1,2020-05-03 04:08:30,29.3132,92.1219,2.5,9.7,0.7995,299.9,Strike-Slip,NW,ISR,0.999
643,62,8,2023-03-14 11:34:58,25.7331,91.3178,6.7,65.5,1.3012,350.9,Oblique,N,NCS,4.359
644,17,2,2021-07-08 22:04:36,23.3271,92.8651,1.5,25.5,0.6147,303.1,Normal,NE,ISR,0.461
645,50,6,2023-08-04 09:39:33,23.072,92.1403,4.4,66.8,0.5816,219.5,Oblique,E,ISR,1.28
646,44,5,2018-02-16 00:23:47,29.4496,100.3903,1.4,53.1,0.9562,271.9,Oblique,NE,ISR,0.669
647,21,2,2018-07-06 21:16:15,22.6928,100.5088,1.6,54.7,1.4481,98.5,Strike-Slip,NE,ISR,1.158
648,8,1,2022-06-16 16:59:05,25.6456,97.1684,2.5,33.5,0.0834,382.2,Reverse,N,IMD,0.104
649,8,1,2020-01-31 12:49:02,24.6209,98.6667,1.9,61.1,0.9337,84.1,Oblique,NW,NCS,0.887
650,36,4,2019-02-20 00:52:59,26.7853,92.1762,2.2,11.7,0.9518,31.0,Reverse,E,ISR,1.047
651,14,2,2021-11-27 05:55:11,21.5619,93.1716,3.6,43.3,1.372,334.6,Oblique,E,NCS,2.47
652,49,6,2022-01-02 19:42:39,27.5292,97.6194,4.5,33.2,0.7026,235.9,Reverse,NW,IMD,1.581
653,61,8,2021-08-05 12:39:31,28.4273,91.2381,6.8,23.9,0.18,163.1,Normal,NE,NCS,0.612
654,24,3,2019-01-01 20:34:21,22.213,97.2722,5.0,12.9,1.2799,161.7,Strike-Slip,N,ISR,3.2
655,5,1,2024-09-08 20:30:02,21.9454,93.6073,3.6,59.8,1.0356,38.9,Reverse,E,USGS,1.864
656,7,1,2024-08-26 00:34:11,27.08,93.4983,6.4,39.3,0.726,421.7,Normal,NE,ISR,2.323
657,38,4,2023-05-16 13:45:58,28.1716,97.1361,3.1,53.5,0.4138,407.6,Strike-Slip,NW,ISR,0.641
658,24,3,2021-03-20 16:51:11,23.5549,98.8613,3.3,47.8,0.4788,69.2,Reverse,NE,USGS,0.79
659,8,1,2021-06-02 12:44:14,23.1641,97.5693,6.3,50.3,1.076,71.8,Oblique,NE,USGS,3.389
660,19,2,2021-05-05 22:57:04,22.5477,98.3295,5.6,33.9,1.101,43.4,Reverse,NW,IMD,3.083
661,50,6,2021-01-15 02:29:38,25.4931,93.5679,2.0,56.9,0.2851,470.3,Normal,N,USGS,0.285
662,42,5,2022-08-18 12:20:40,22.5779,98.1887,1.4,63.3,1.3475,257.2,Reverse,NW,USGS,0.943
663,29,3,2019-01-04 17:01:16,26.7647,98.7841,4.6,42.1,0.0027,168.3,Oblique,NE,NCS,0.006
664,56,7,2021-09-15 16:40:40,28.2907,95.8228,1.1,43.7,0.2597,195.8,Oblique,NW,ISR,0.143
665,28,3,2021-10-22 08:34:27,29.7376,91.4302,4.8,11.0,0.1789,439.2,Normal,NE,USGS,0.429
666,56,7,2020-07-03 22:31:08,30.4343,98.4187,4.0,33.1,1.1582,49.6,Normal,N,ISR,2.316
667,8,1,2022-10-31 04:36:50,24.2927,97.616,2.4,57.1,0.9674,175.3,Reverse,N,NCS,1.161
668,37,4,2019-06-23 17:01:02,24.8367,94.7431,4.7,6.3,0.598,192.7,Oblique,NE,NCS,1.405
669,24,3,2019-11-03 22:33:11,23.9322,100.7315,6.8,26.0,0.6169,38.8,Oblique,E,USGS,2.097
670,1,1,2021-11-07 16:16:22,28.2494,91.4989,5.6,37.6,0.2888,404.4,Strike-Slip,N,NCS,0.809
671,39,4,2024-08-06 06:17:54,25.6813,90.0589,3.0,56.0,0.9253,43.3,Reverse,E,USGS,1.388
672,54,6,2022-03-22 09:20:47,29.7699,92.8744,6.1,4.3,1.0899,121.4,Oblique,E,NCS,3.324
673,51,6,2018-11-29 00:14:25,31.2166,90.7103,6.9,16.1,0.8369,426.2,Normal,N,IMD,2.887
674,51,6,2022-08-07 06:58:45,31.2252,91.1701,6.9,67.4,1.2515,361.3,Normal,E,NCS,4.318
675,15,2,2018-12-17 20:33:56,27.0118,96.997,4.2,17.8,0.259,195.5,Normal,NW,IMD,0.544
676,38,4,2021-05-06 20:32:30,31.0565,96.8271,6.1,40.3,0.2034,262.9,Reverse,NE,IMD,0.62
677,44,5,2022-04-03 03:54:56,30.6904,100.6627,5.0,35.6,1.305,376.7,Strike-Slip,NE,NCS,3.262
678,32,3,2019-07-11 08:47:25,26.6638,96.6088,5.7,37.6,1.305,217.1,Reverse,NW,USGS,3.719
679,10,1,2023-01-03 02:04:33,25.5988,95.9589,2.1,65.6,0.1554,485.1,Oblique,N,ISR,0.163
680,22,2,2019-06-26 21:51:30,24.0981,94.9182,2.9,66.1,0.5119,249.9,Strike-Slip,N,NCS,0.742
681,55,7,2024-04-18 10:32:15,27.4056,92.79,1.3,52.8,0.5763,249.4,Strike-Slip,NW,ISR,0.375
682,18,2,2024-04-24 07:20:10,29.3743,97.926,5.3,51.1,1.251,440.7,Reverse,N,IMD,3.315
683,37,4,2018-06-24 09:21:02,25.5205,94.5205,5.3,16.8,0.1798,489.9,Normal,N,IMD,0.476
684,50,6,2019-02-15 07:54:48,22.5067,93.7432,4.6,53.2,1.2951,283.6,Reverse,N,ISR,2.979
685,24,3,2023-08-13 12:31:39,26.0601,97.7479,1.1,21.8,1.2713,341.2,Strike-Slip,N,NCS,0.699
686,22,2,2018-09-17 13:34:40,23.914,96.7433,5.3,30.1,0.897,452.7,Reverse,E,IMD,2.377
687,27,3,2018-09-08 08:11:06,23.5848,90.756,7.0,31.7,0.7994,115.3,Strike-Slip,NW,ISR,2.798
688,26,3,2018-05-25 07:16:32,22.0333,91.5106,3.0,28.1,0.2152,357.8,Reverse,NE,ISR,0.323
689,59,8,2023-07-15 16:33:21,26.9877,93.6879,3.0,32.6,0.362,367.7,Oblique,NE,IMD,0.543
690,6,1,2019-06-04 18:28:36,26.3833,95.6644,1.7,65.9,0.8816,324.8,Normal,E,IMD,0.749
691,52,6,2018-05-02 21:15:44,26.8339,100.8212,1.4,26.9,0.5285,433.4,Oblique,NW,ISR,0.37
692,47,6,2022-06-12 03:31:53,31.4936,97.6749,3.6,13.4,1.4559,445.3,Oblique,NE,IMD,2.621
693,5,1,2018-10-17 00:22:36,22.7954,95.2476,3.6,12.9,0.4645,121.6,Strike-Slip,NW,IMD,0.836
694,41,5,2022-12-02 21:43:30,23.9304,93.766,1.3,28.9,0.5748,277.6,Normal,NW,NCS,0.374
695,56,7,2023-08-02 08:49:34,28.7789,96.2561,4.5,21.0,0.1865,180.8,Normal,E,USGS,0.42
696,4,1,2021-09-03 01:07:29,25.181,90.717,6.6,55.7,1.271,398.0,Strike-Slip,E,USGS,4.194
697,36,4,2023-02-13 17:36:49,23.4865,88.9966,6.7,25.3,1.0844,232.9,Oblique,N,IMD,3.633
698,22,2,2024-08-28 21:39:16,20.935,97.9468,1.7,28.6,0.7775,125.2,Oblique,E,IMD,0.661
699,3,1,2023-04-27 13:17:44,26.3978,98.9786,4.0,12.3,0.9489,23.3,Normal,N,ISR,1.898
700,45,5,2020-01-11 04:15:57,29.5747,93.5686,3.9,8.7,0.6771,168.7,Oblique,N,ISR,1.32
701,61,8,2020-03-26 00:27:38,26.8558,90.4146,6.0,65.0,0.894,5.3,Reverse,NW,NCS,2.682
702,34,4,2022-09-01 16:51:06,26.3409,99.3505,4.3,33.2,0.0686,158.7,Reverse,N,USGS,0.147
703,19,2,2023-08-18 13:31:18,24.9764,96.1426,2.7,29.2,0.906,416.8,Strike-Slip,E,USGS,1.223
704,50,6,2018-09-14 13:46:55,24.0285,93.1684,5.0,40.3,0.6519,118.1,Normal,E,NCS,1.63
705,12,1,2019-11-02 19:53:41,26.8316,98.539,3.5,11.7,1.3439,389.4,Normal,E,ISR,2.352
706,62,8,2021-06-02 06:14:39,27.1667,92.7408,6.0,19.7,0.9685,472.1,Oblique,NE,USGS,2.905
707,53,6,2024-12-15 04:30:07,29.5235,91.4742,4.7,12.1,0.627,286.3,Oblique,N,USGS,1.473
708,40,5,2022-03-04 23:56:17,27.2047,97.7757,4.0,66.9,1.1211,60.2,Normal,NW,IMD,2.242
709,31,3,2022-01-21 15:12:48,27.0339,94.5977,5.2,31.6,0.012,241.7,Strike-Slip,NW,NCS,0.031
710,20,2,2022-01-20 04:33:47,21.9925,92.3607,3.0,57.1,0.4258,237.8,Oblique,NE,ISR,0.639
711,46,5,2021-04-01 10:03:30,24.1303,97.8466,6.6,48.0,1.0467,440.7,Strike-Slip,N,USGS,3.454
712,46,5,2018-11-03 16:44:58,21.7036,95.7802,3.9,34.6,0.5178,182.4,Oblique,NE,USGS,1.01
713,40,5,2021-11-18 05:36:15,27.0183,95.7097,6.4,9.6,0.4915,75.8,Reverse,NE,NCS,1.573
714,25,3,2023-02-06 08:17:00,27.8151,96.8902,4.6,40.2,0.7911,83.6,Reverse,E,ISR,1.82
715,34,4,2018-10-15 01:48:04,27.4574,97.8223,6.6,59.6,1.2279,269.2,Reverse,NE,USGS,4.052
716,17,2,2020-01-12 13:36:04,25.7675,94.0943,6.5,7.9,1.1849,99.3,Normal,NE,ISR,3.851
717,45,5,2020-09-02 17:03:06,29.1747,93.7433,6.9,57.5,0.0946,161.2,Reverse,NW,ISR,0.326
718,55,7,2019-06-04 23:28:40,28.821,95.9772,5.7,35.3,0.0728,6.8,Normal,E,NCS,0.207
719,25,3,2018-04-11 08:45:17,25.8743,97.8255,3.8,53.6,0.9424,183.2,Normal,NW,NCS,1.791
720,45,5,2023-07-11 04:23:42,29.8301,95.3043,1.8,7.7,0.6596,294.2,Strike-Slip,E,IMD,0.594
721,38,4,2024-08-15 00:08:39,28.9734,100.5846,4.7,29.5,0.3545,174.3,Strike-Slip,NE,ISR,0.833
722,61,8,2018-09-04 19:13:56,27.6323,91.1933,2.3,3.1,0.6066,490.3,Normal,E,ISR,0.698
723,26,3,2018-11-05 20:38:02,23.8708,89.0728,4.6,35.1,0.6926,45.4,Normal,NW,ISR,1.593
724,24,3,2020-01-20 17:06:59,24.8964,97.8677,2.3,65.5,1.1965,337.0,Strike-Slip,NE,NCS,1.376
725,22,2,2020-02-01 11:02:51,23.2208,95.0213,5.0,24.8,0.1218,165.6,Oblique,E,ISR,0.304
726,22,2,2023-08-02 04:49:15,21.4129,96.4476,6.9,51.2,0.0607,221.3,Normal,NW,NCS,0.209
727,3,1,2019-08-20 20:58:27,25.5178,97.5489,6.3,62.6,1.0818,23.0,Reverse,NE,ISR,3.408
728,23,3,2022-07-15 19:12:12,27.0032,90.8528,5.2,37.9,0.6993,456.4,Oblique,NE,ISR,1.818
729,52,6,2020-06-19 13:22:12,29.8361,99.4769,6.5,39.9,0.5237,21.6,Strike-Slip,NW,NCS,1.702
730,36,4,2019-04-21 16:51:24,26.3312,91.261,7.2,18.3,0.0533,469.9,Reverse,N,NCS,0.192
731,28,3,2021-10-20 08:27:30,28.3393,94.4982,3.0,12.7,0.6169,177.0,Oblique,E,USGS,0.925
732,54,6,2021-05-01 12:51:29,28.691,91.7056,2.9,3.6,0.9126,32.1,Normal,NE,ISR,1.323
733,18,2,2021-01-08 13:58:14,27.0778,99.1537,5.0,33.7,1.0971,360.3,Oblique,NW,USGS,2.743
734,55,7,2021-07-13 20:57:07,29.702,93.0942,3.3,7.4,1.0819,349.9,Strike-Slip,E,NCS,1.785
735,16,2,2021-07-28 12:36:40,21.7299,91.5194,1.8,4.6,0.5442,352.7,Strike-Slip,NE,ISR,0.49
736,37,4,2023-01-10 17:44:17,26.1287,94.7942,6.5,30.2,0.8362,92.0,Reverse,NW,ISR,2.718
737,45,5,2023-10-22 17:11:25,29.2214,94.7733,5.2,44.2,0.9466,434.0,Oblique,NE,NCS,2.461
738,15,2,2021-09-26 07:11:03,25.2586,98.3195,4.5,42.0,1.0071,341.1,Reverse,E,IMD,2.266
739,37,4,2018-10-31 04:12:02,25.105,92.9415,5.2,15.8,1.107,438.1,Reverse,NE,NCS,2.878
740,51,6,2020-10-12 12:39:11,30.6702,92.4395,3.2,62.8,0.0205,275.9,Normal,E,ISR,0.033
741,51,6,2018-02-10 07:46:07,29.806,90.3488,3.6,54.7,1.2395,481.6,Reverse,N,NCS,2.231
742,27,3,2022-01-16 13:22:38,24.4287,88.9845,4.8,38.0,1.3823,140.4,Reverse,N,USGS,3.318
743,37,4,2023-04-05 01:28:07,25.1793,96.4473,4.7,4.9,0.3392,51.4,Normal,NE,ISR,0.797
744,34,4,2023-06-30 18:50:22,27.8248,96.1335,6.4,28.6,0.7462,153.9,Normal,NW,ISR,2.388
745,9,1,2019-09-09 15:41:11,26.8085,93.1392,2.7,53.1,0.8306,135.6,Oblique,E,ISR,1.121
746,56,7,2018-08-02 17:16:20,28.1636,98.8898,7.2,51.9,0.3367,123.5,Oblique,E,NCS,1.212
747,49,6,2019-05-22 22:23:27,31.1111,97.5668,2.0,61.1,0.234,253.5,Oblique,E,ISR,0.234
748,59,8,2022-05-27 00:33:09,23.8617,92.3942,3.9,34.4,0.381,221.5,Strike-Slip,E,USGS,0.743
749,14,2,2020-09-11 13:16:57,21.7319,90.9467,5.0,54.3,1.0167,148.9,Reverse,E,NCS,2.542
750,4,1,2020-07-12 22:58:03,27.7118,90.6434,5.3,9.5,1.3007,208.7,Reverse,N,NCS,3.447
751,57,7,2021-06-26 21:10:43,25.1662,91.9909,1.6,45.4,0.0372,377.5,Oblique,NW,IMD,0.03
752,59,8,2020-08-13 23:06:59,25.9165,92.7304,1.4,22.8,0.1062,101.0,Normal,NE,IMD,0.074
753,48,6,2020-04-08 05:48:03,28.1021,93.5614,2.3,23.8,0.1106,92.6,Oblique,NW,USGS,0.127
754,54,6,2021-06-01 22:41:41,29.4119,93.2867,6.8,58.8,1.399,445.8,Reverse,NE,NCS,4.757
755,48,6,2019-11-15 00:55:21,26.4458,94.2321,4.9,11.5,0.3932,89.3,Oblique,N,NCS,0.963
756,17,2,2023-12-03 01:47:22,24.042,93.8387,5.6,26.8,0.596,405.1,Strike-Slip,NE,USGS,1.669
757,34,4,2019-07-27 13:22:58,24.6786,98.3293,6.7,66.3,0.0604,12.4,Reverse,NE,USGS,0.202
758,51,6,2021-08-26 00:33:38,28.4255,91.7336,4.3,65.7,0.2905,321.9,Strike-Slip,E,IMD,0.625
759,45,5,2024-04-18 13:21:49,27.2878,95.0204,1.3,18.6,1.145,203.5,Reverse,N,USGS,0.744
760,14,2,2020-07-16 10:12:35,21.7877,93.3043,1.7,58.8,0.0934,241.2,Strike-Slip,NE,ISR,0.079
761,4,1,2021-05-16 15:50:53,26.6316,88.5281,3.5,44.8,0.7652,447.3,Strike-Slip,NE,ISR,1.339
762,49,6,2021-03-13 18:47:23,27.7382,99.1707,3.0,42.2,0.1647,287.8,Normal,NW,IMD,0.247
763,59,8,2023-01-10 20:52:57,26.6218,93.8434,3.5,27.2,0.0875,384.3,Strike-Slip,NW,ISR,0.153
764,41,5,2020-12-01 14:30:47,22.7427,92.5747,5.2,22.8,0.2045,291.2,Oblique,NE,NCS,0.532
765,38,4,2018-11-09 10:08:14,28.519,98.5624,2.1,61.9,0.1305,119.8,Normal,NE,NCS,0.137
766,24,3,2021-06-04 12:08:48,22.6161,100.1537,5.5,57.3,1.0738,485.5,Oblique,N,ISR,2.953
767,35,4,2022-12-20 19:23:55,24.8807,90.5526,6.0,28.6,0.8034,202.7,Reverse,NW,NCS,2.41
768,39,4,2019-02-25 16:07:45,25.6738,91.4834,3.1,5.3,1.1716,126.8,Strike-Slip,NW,USGS,1.816
769,17,2,2018-09-17 13:50:46,24.1679,94.0205,7.1,41.9,1.0158,148.0,Strike-Slip,E,NCS,3.606
770,61,8,2022-07-22 11:13:44,27.8526,88.7616,2.1,54.0,1.112,1.4,Oblique,NW,NCS,1.168
771,47,6,2018-03-13 01:25:24,31.0964,97.5485,2.8,62.8,0.303,193.5,Reverse,NW,NCS,0.424
772,57,7,2023-06-05 15:54:32,22.3533,91.8567,4.6,57.8,0.3864,109.2,Normal,NE,USGS,0.889
773,32,3,2023-01-27 17:35:51,25.9357,93.8968,3.4,8.8,0.961,331.3,Oblique,NW,ISR,1.634
774,32,3,2023-02-23 05:35:39,24.399,95.3371,5.7,41.4,0.2378,90.5,Reverse,E,USGS,0.678
775,42,5,2021-04-08 07:00:12,20.9574,97.7076,5.2,47.3,1.4696,292.6,Normal,E,USGS,3.821
776,54,6,2020-08-05 20:17:23,27.7593,90.7511,1.8,45.5,0.0744,7.1,Strike-Slip,NE,NCS,0.067
777,47,6,2019-12-29 02:03:40,31.4763,99.6142,1.8,56.6,1.1022,483.8,Oblique,NE,ISR,0.992
778,49,6,2023-02-10 08:53:55,30.1469,98.7825,4.5,46.6,1.2727,397.5,Reverse,NE,USGS,2.864
779,21,2,2020-02-10 18:24:21,22.9717,101.0353,4.5,34.7,0.9501,301.3,Oblique,E,IMD,2.138
780,34,4,2018-08-06 09:40:16,24.3773,98.078,2.4,69.4,1.3944,160.5,Reverse,NW,USGS,1.673
781,55,7,2022-06-24 07:04:38,27.8357,95.5841,6.6,61.7,1.4928,4.2,Oblique,N,USGS,4.926
782,17,2,2023-11-30 20:42:54,24.0397,92.0449,6.3,45.3,0.1066,124.8,Oblique,N,IMD,0.336
783,59,8,2018-06-01 23:42:17,24.1998,94.1903,6.5,37.6,0.17,164.8,Oblique,NW,ISR,0.552
784,20,2,2020-05-07 03:15:45,25.0387,94.5535,3.0,38.0,0.4072,350.7,Strike-Slip,N,IMD,0.611
785,16,2,2021-06-16 21:07:06,22.688,91.9124,3.6,39.1,0.045,141.3,Oblique,E,USGS,0.081
786,18,2,2020-06-01 05:04:42,29.3921,98.1867,2.0,47.5,0.2358,255.3,Strike-Slip,N,NCS,0.236
787,18,2,2023-11-23 04:41:17,27.047,99.2396,2.3,10.9,1.0733,446.2,Strike-Slip,N,NCS,1.234
788,25,3,2021-12-20 00:32:27,27.6071,95.8766,2.0,65.5,0.7693,178.5,Normal,NW,USGS,0.769
789,14,2,2022-05-19 09:24:21,23.354,91.9035,4.8,26.0,0.3606,409.8,Reverse,E,USGS,0.865
790,21,2,2024-09-10 17:30:13,23.0161,100.6958,1.8,17.1,0.4366,85.0,Reverse,E,ISR,0.393
791,40,5,2022-04-12 13:17:15,26.9718,97.5572,2.6,58.2,0.5398,323.9,Strike-Slip,NW,IMD,0.702
792,38,4,2019-01-13 01:51:13,28.5397,97.9479,5.9,34.3,1.4213,451.9,Normal,NE,NCS,4.193
793,33,4,2023-04-20 18:06:12,24.6255,98.7762,3.4,52.1,0.0485,73.9,Reverse,NE,ISR,0.082
794,26,3,2020-04-16 00:46:18,22.0602,91.9082,6.5,37.4,1.1858,432.9,Strike-Slip,E,USGS,3.854
795,27,3,2023-08-08 13:27:30,26.223,92.6142,1.5,1.6,0.7887,465.2,Oblique,NE,USGS,0.592
796,9,1,2024-07-11 10:09:25,25.7297,91.4187,1.8,29.3,0.6279,426.8,Strike-Slip,NE,NCS,0.565
797,32,3,2023-11-12 10:58:59,25.5625,95.0012,3.8,20.5,0.8787,33.8,Oblique,E,USGS,1.67
798,2,1,2021-04-26 23:49:39,25.9056,93.1381,3.0,53.8,0.8891,383.4,Oblique,N,USGS,1.334
799,46,5,2019-11-27 13:36:43,23.7933,96.3077,6.3,4.3,1.2773,290.5,Strike-Slip,NE,USGS,4.023
800,7,1,2024-04-27 22:06:33,27.5737,92.4687,3.3,65.3,0.8213,377.6,Oblique,NW,ISR,1.355
801,38,4,2020-11-16 04:49:20,31.5164,99.4438,5.2,57.1,0.4353,56.0,Strike-Slip,NW,NCS,1.132
802,38,4,2018-08-31 22:59:54,28.9933,98.1244,5.4,51.5,0.0198,465.7,Normal,NW,ISR,0.053
803,24,3,2023-11-12 07:38:09,23.7961,98.7453,6.4,55.2,0.7562,312.1,Strike-Slip,N,IMD,2.42
804,30,3,2024-06-25 20:51:50,26.0046,93.5958,5.7,24.7,0.9089,358.8,Strike-Slip,N,ISR,2.59
805,29,3,2022-12-05 12:17:40,27.714,100.6383,5.5,19.3,0.3483,93.6,Strike-Slip,N,ISR,0.958
806,27,3,2021-04-26 17:48:52,23.8339,91.5409,3.4,60.3,0.5165,25.6,Strike-Slip,N,NCS,0.878
807,60,8,2018-03-03 20:59:53,22.9516,97.1052,3.4,1.4,1.2247,163.4,Strike-Slip,NE,NCS,2.082
808,8,1,2023-11-16 03:38:32,22.9498,98.9812,3.7,36.8,0.2641,344.4,Oblique,N,USGS,0.489
809,4,1,2020-03-11 17:45:59,28.2628,88.5128,4.9,67.1,1.0794,330.9,Oblique,NW,NCS,2.645
810,55,7,2018-10-02 19:44:37,30.3976,92.4927,2.9,8.7,0.1633,73.9,Oblique,NE,ISR,0.237
811,40,5,2018-09-14 22:48:44,26.8842,98.8175,5.4,23.1,0.9232,371.1,Strike-Slip,E,ISR,2.493
812,14,2,2020-11-13 20:31:11,21.5547,93.0002,3.0,24.1,1.3116,92.0,Reverse,E,NCS,1.967
813,60,8,2024-02-05 15:14:44,24.9756,94.87,2.5,67.1,0.7758,209.5,Strike-Slip,NW,IMD,0.97
814,12,1,2021-02-13 18:22:59,26.4045,99.4593,1.3,1.3,0.1485,68.5,Reverse,E,USGS,0.097
815,9,1,2020-08-30 04:31:26,26.9333,94.035,5.9,39.5,0.4714,411.4,Normal,NW,NCS,1.391
816,29,3,2020-01-28 07:52:50,27.3965,98.6582,5.3,43.4,1.0065,345.1,Normal,NW,NCS,2.667
817,37,4,2021-08-11 11:42:28,26.1657,95.0605,3.8,12.3,1.3382,291.6,Normal,N,USGS,2.543
818,45,5,2020-08-03 21:38:37,28.0561,93.8579,3.4,44.0,1.2875,413.9,Normal,E,IMD,2.189
819,49,6,2024-10-13 05:51:44,30.689,97.9175,6.8,64.8,1.2687,94.6,Strike-Slip,E,ISR,4.314
820,55,7,2022-05-28 11:01:21,29.0181,96.13,4.2,65.4,0.6124,19.0,Reverse,E,NCS,1.286
821,22,2,2020-01-07 00:29:12,24.4932,95.1792,1.5,58.9,0.7419,178.3,Normal,N,IMD,0.556
822,37,4,2022-02-18 22:53:01,26.7136,93.9401,1.5,51.2,0.8688,462.2,Reverse,E,USGS,0.652
823,40,5,2018-01-06 16:53:52,26.5244,98.1999,7.2,60.4,1.1384,310.3,Oblique,N,IMD,4.098
824,44,5,2024-03-07 20:26:33,27.9099,97.8127,6.6,22.8,0.2984,382.0,Reverse,N,NCS,0.985
825,9,1,2018-01-07 04:46:07,27.3343,95.2323,1.2,62.2,0.6314,79.3,Normal,E,NCS,0.379
826,34,4,2024-02-11 02:33:03,26.7495,97.6592,6.8,9.3,1.3136,448.3,Strike-Slip,E,USGS,4.466
827,5,1,2023-07-11 10:50:29,23.7543,94.0706,2.8,3.0,0.2269,180.3,Reverse,NW,ISR,0.318
828,19,2,2023-12-14 14:34:43,24.5908,96.8,1.6,53.9,0.9944,66.8,Normal,NW,ISR,0.796
829,10,1,2018-12-27 14:42:15,24.0399,96.067,1.9,9.5,0.9818,160.1,Strike-Slip,N,ISR,0.933
830,12,1,2018-11-17 09:38:58,26.2919,98.0294,1.8,64.6,0.6491,174.4,Oblique,N,USGS,0.584
831,46,5,2018-01-14 19:32:01,22.9182,97.6242,2.9,35.3,0.1929,324.8,Reverse,N,NCS,0.28
832,20,2,2019-09-01 07:16:57,24.2319,91.7579,4.8,28.2,0.0422,305.5,Reverse,NE,ISR,0.101
833,12,1,2020-05-19 12:13:27,26.658,96.1011,5.9,42.6,1.1973,177.0,Normal,NW,NCS,3.532
834,22,2,2021-07-30 03:25:44,23.3551,95.2209,4.5,53.7,1.1703,254.0,Reverse,E,USGS,2.633
835,49,6,2023-12-08 15:23:20,30.8703,98.3178,3.9,45.3,0.5413,54.5,Normal,NE,ISR,1.056
836,24,3,2020-04-02 22:59:12,25.1098,97.3533,5.3,46.5,0.0301,304.7,Oblique,NE,IMD,0.08
837,19,2,2021-05-06 01:44:19,22.3663,95.5827,4.7,63.3,0.2718,181.4,Normal,NE,IMD,0.639
838,52,6,2019-02-08 19:21:43,29.6097,98.8526,6.8,25.2,0.5873,173.8,Reverse,N,USGS,1.997
839,61,8,2019-01-04 01:28:05,24.909,91.7212,4.0,69.1,1.3828,243.7,Normal,NE,IMD,2.766
840,61,8,2020-03-29 06:59:36,28.1808,88.503,4.8,9.6,1.0169,41.3,Strike-Slip,NW,ISR,2.441
841,18,2,2020-07-03 12:47:10,28.1831,100.1431,3.0,26.2,0.3484,453.2,Strike-Slip,NE,IMD,0.523
842,15,2,2023-04-27 10:11:53,26.7976,98.1147,4.4,23.6,0.9826,450.7,Reverse,NE,IMD,2.162
843,18,2,2019-04-29 08:47:01,29.8412,98.1329,3.9,28.7,0.2337,77.7,Strike-Slip,N,NCS,0.456
844,53,6,2023-03-24 23:09:49,28.2706,91.8313,5.3,56.1,1.0817,458.6,Oblique,NE,IMD,2.867
845,47,6,2022-04-21 23:37:10,27.9002,99.6147,2.7,39.4,0.4098,154.8,Normal,NW,NCS,0.553
846,26,3,2022-01-22 17:18:40,23.867,92.1305,5.2,53.8,1.3654,373.1,Oblique,NW,IMD,3.55
847,16,2,2023-05-13 18:42:17,22.9967,92.6316,4.5,60.8,0.1216,469.5,Normal,E,IMD,0.274
848,22,2,2022-11-08 15:22:16,20.617,95.032,5.3,3.9,0.8894,317.4,Oblique,E,NCS,2.357
849,17,2,2022-02-10 05:39:09,25.2329,93.2215,5.0,4.1,1.0616,30.7,Strike-Slip,E,ISR,2.654
850,49,6,2024-02-24 22:15:14,29.2101,98.39,4.3,31.7,1.4947,75.3,Normal,E,ISR,3.214
851,30,3,2024-10-26 18:44:58,26.8045,91.9337,6.0,59.7,1.1706,159.2,Normal,E,ISR,3.512
852,9,1,2024-08-12 01:57:19,26.9788,93.2744,5.9,12.0,0.5098,2.2,Oblique,N,ISR,1.504
853,26,3,2018-09-11 08:26:06,22.9591,91.593,4.0,13.0,0.6408,59.3,Reverse,NW,ISR,1.282
854,51,6,2018-03-22 20:37:05,28.6554,91.4059,2.4,20.7,0.6373,475.7,Normal,NW,NCS,0.765
855,62,8,2019-10-18 08:35:54,27.4571,90.4407,5.0,15.4,0.762,209.5,Normal,NE,IMD,1.905
856,52,6,2018-12-05 13:40:13,28.0645,99.6049,6.0,40.9,0.2924,261.1,Normal,N,IMD,0.877
857,47,6,2018-11-25 17:15:27,31.0756,98.0265,6.9,66.0,0.9014,80.5,Oblique,NW,USGS,3.11
858,15,2,2022-08-26 14:31:26,26.432,99.7768,2.3,19.8,1.3631,218.3,Normal,NE,NCS,1.568
859,51,6,2024-04-08 22:08:06,31.2412,90.0105,1.7,27.5,0.0124,344.0,Oblique,NE,ISR,0.011
860,39,4,2019-08-07 09:06:09,25.7219,90.1467,6.2,66.5,0.8264,119.8,Oblique,N,ISR,2.562
861,9,1,2023-12-07 15:30:37,27.2265,93.0476,2.7,41.0,0.5501,139.5,Reverse,NW,ISR,0.743
862,39,4,2023-07-27 23:06:24,28.3535,89.653,6.4,15.8,0.5003,429.7,Normal,N,ISR,1.601
863,39,4,2018-11-17 04:51:15,26.3477,92.9449,1.2,29.3,0.6457,254.9,Reverse,NW,ISR,0.387
864,31,3,2021-03-26 06:06:48,26.6657,93.9451,3.9,36.9,0.2611,238.5,Reverse,N,IMD,0.509
865,28,3,2019-11-10 22:45:43,30.5736,91.7292,6.4,47.4,1.2767,321.1,Normal,E,NCS,4.085
866,44,5,2019-01-20 20:15:07,30.45,100.1113,5.6,68.3,0.4456,351.3,Reverse,NW,NCS,1.248
867,51,6,2019-06-01 06:56:02,28.9587,91.6204,1.5,55.7,1.2657,41.8,Reverse,NE,USGS,0.949
868,17,2,2019-04-23 17:12:13,22.4879,93.0418,1.1,16.7,1.2625,340.1,Oblique,NW,NCS,0.694
869,2,1,2018-08-02 15:29:04,25.9064,92.4918,2.9,21.2,1.0876,57.2,Reverse,NW,NCS,1.577
870,3,1,2022-02-04 08:43:59,29.0964,99.4359,3.2,17.5,0.17,321.8,Reverse,E,ISR,0.272
871,18,2,2018-09-03 11:04:05,28.6518,100.3899,2.9,52.2,0.9793,455.0,Reverse,N,ISR,1.42
872,41,5,2019-05-09 02:48:40,21.9814,95.1346,5.9,67.4,1.2607,87.1,Reverse,NE,USGS,3.719
873,25,3,2020-02-17 04:10:52,26.4742,96.1018,1.6,35.6,1.2789,266.9,Normal,E,ISR,1.023
874,60,8,2021-08-23 21:23:43,24.5657,96.5633,2.7,59.4,0.0552,484.2,Strike-Slip,NE,IMD,0.075
875,25,3,2021-07-10 01:00:12,27.834,95.3086,4.3,65.0,1.38,172.4,Normal,NE,ISR,2.967
876,56,7,2021-08-27 18:50:57,31.4241,96.0717,1.2,5.2,1.4824,343.2,Reverse,NW,ISR,0.889
877,5,1,2023-06-02 14:02:15,22.0225,95.1052,1.5,55.6,1.1376,214.4,Reverse,NW,IMD,0.853
878,5,1,2022-10-20 21:05:23,22.5764,94.5393,4.4,65.6,0.5922,63.6,Oblique,NE,USGS,1.303
879,25,3,2021-11-04 08:36:31,26.1772,97.2415,1.3,68.0,0.759,190.9,Reverse,E,ISR,0.493
880,8,1,2020-01-13 19:13:38,25.8657,99.3504,1.2,12.8,1.0866,112.0,Oblique,NW,IMD,0.652
881,17,2,2023-02-10 19:40:51,24.7481,91.1034,5.7,36.0,0.8794,232.3,Reverse,NE,ISR,2.506
882,20,2,2023-07-10 10:42:50,23.3808,94.857,1.0,28.7,1.1297,70.1,Oblique,E,IMD,0.565
883,36,4,2023-05-22 13:21:53,27.1121,92.3146,2.9,57.3,0.5617,85.3,Oblique,E,USGS,0.814
884,10,1,2020-02-19 14:19:07,24.3373,99.4565,7.2,57.3,1.3389,204.7,Normal,NW,IMD,4.82
885,44,5,2020-10-25 10:30:45,27.647,98.6974,3.1,63.9,0.7362,49.2,Reverse,NW,IMD,1.141
886,50,6,2018-06-18 08:10:00,25.5009,93.3454,6.3,6.7,0.0899,57.1,Oblique,NE,IMD,0.283
887,55,7,2024-04-28 08:44:18,27.7831,94.426,6.9,57.2,1.0841,234.0,Normal,E,USGS,3.74
888,20,2,2024-07-27 02:43:26,24.9691,93.1608,6.6,23.7,1.2742,443.7,Strike-Slip,E,USGS,4.205
889,42,5,2023-02-12 14:50:35,23.0911,97.705,2.5,5.8,1.4979,330.8,Oblique,NE,USGS,1.872
890,6,1,2018-09-14 01:52:01,28.1484,96.3275,4.3,60.3,0.452,466.0,Reverse,E,IMD,0.972
891,15,2,2023-11-04 22:56:01,26.5631,97.1141,3.5,50.3,0.407,33.8,Oblique,NW,USGS,0.712
892,38,4,2020-06-06 09:56:41,27.854,100.5781,7.2,31.8,0.71,256.7,Reverse,E,USGS,2.556
893,14,2,2019-01-14 02:49:13,23.7768,93.4401,1.1,55.1,0.1269,111.9,Reverse,E,IMD,0.07
894,52,6,2018-12-05 07:15:43,27.8965,99.8771,3.2,45.5,0.7549,119.0,Reverse,E,NCS,1.208
895,48,6,2023-08-13 13:28:09,25.0146,96.1917,1.0,5.6,0.5711,82.9,Oblique,NW,ISR,0.286
896,20,2,2021-10-07 16:46:19,22.2958,93.5146,1.4,55.9,0.6753,291.1,Reverse,NW,IMD,0.473
897,37,4,2023-03-30 05:53:12,28.4124,93.8744,4.9,52.4,0.0971,4.5,Normal,NW,USGS,0.238
898,61,8,2023-10-12 21:36:39,25.4015,90.7384,3.0,56.6,0.7324,121.9,Oblique,NE,USGS,1.099
899,6,1,2020-12-01 14:24:09,24.5225,96.7421,5.5,21.7,0.4316,499.8,Strike-Slip,NE,ISR,1.187
900,7,1,2021-07-14 10:44:04,28.3289,92.6211,3.4,32.9,0.2438,378.2,Normal,NW,IMD,0.414
901,50,6,2020-10-29 10:47:58,24.4959,90.9111,1.0,30.8,0.4471,374.2,Normal,E,IMD,0.224
902,4,1,2020-07-28 01:09:29,28.617,90.731,1.9,33.5,0.7028,336.9,Normal,E,NCS,0.668
903,28,3,2023-06-20 11:27:26,29.0244,93.2743,5.2,63.4,1.3294,338.5,Reverse,NE,NCS,3.456
904,2,1,2020-07-15 20:35:33,25.548,91.0757,7.0,5.8,0.8175,230.2,Reverse,N,USGS,2.861
905,62,8,2018-12-06 17:34:11,27.8879,92.3415,5.3,35.0,0.5924,120.2,Reverse,N,ISR,1.57
906,48,6,2021-09-29 22:26:00,26.7076,95.6208,3.9,24.0,0.5301,496.5,Normal,NW,ISR,1.034
907,54,6,2024-06-17 14:39:36,30.5696,92.0225,4.3,20.6,1.2319,390.5,Strike-Slip,N,USGS,2.649
908,43,5,2023-12-02 03:13:35,29.5012,95.7778,6.3,9.6,0.1773,403.5,Normal,NW,USGS,0.558
909,28,3,2022-04-03 00:58:21,30.4926,92.0001,2.1,17.0,0.3507,423.0,Strike-Slip,N,USGS,0.368
910,46,5,2023-10-06 09:03:05,24.2628,96.635,5.4,17.9,0.0176,257.6,Reverse,NE,ISR,0.048
911,17,2,2024-02-12 11:42:07,24.7943,94.4378,5.1,12.3,0.8815,93.8,Reverse,E,IMD,2.248
912,2,1,2022-01-14 02:03:47,24.3337,93.2556,3.6,8.3,1.4721,326.2,Oblique,E,USGS,2.65
913,29,3,2023-10-27 08:36:16,24.4687,97.9521,6.4,31.3,1.4918,51.8,Strike-Slip,NW,IMD,4.774
914,4,1,2024-07-15 00:13:46,25.9407,89.4514,1.8,35.0,0.9095,497.4,Oblique,N,USGS,0.819
915,17,2,2020-09-15 23:50:24,23.8252,92.4738,5.2,34.7,1.0634,335.3,Normal,E,IMD,2.765
916,48,6,2019-05-28 02:30:32,25.972,94.0996,2.8,24.7,1.2586,242.7,Normal,N,NCS,1.762
917,54,6,2018-11-13 00:13:28,30.249,90.1157,6.1,8.4,0.3616,59.8,Strike-Slip,N,IMD,1.103
918,25,3,2020-04-12 05:45:14,28.1199,98.6022,3.2,28.3,0.4435,141.8,Reverse,NE,IMD,0.71
919,43,5,2021-06-27 19:59:08,30.2339,98.5651,6.8,14.6,1.0302,451.6,Normal,N,ISR,3.503
920,24,3,2023-07-20 07:56:08,24.3047,98.7326,2.1,18.8,0.597,237.6,Normal,NW,NCS,0.627
921,59,8,2020-10-04 01:27:54,25.7749,91.5813,4.4,61.5,1.4358,239.6,Reverse,NW,IMD,3.159
922,23,3,2024-11-02 19:03:42,25.9787,90.5239,4.9,20.3,0.1169,12.4,Reverse,E,ISR,0.286
923,47,6,2018-12-04 12:36:01,31.3647,100.5119,5.7,48.4,1.13,410.4,Oblique,N,USGS,3.22
924,21,2,2018-10-16 09:28:04,23.8386,100.9172,6.0,64.8,1.2921,487.4,Oblique,N,USGS,3.876
925,29,3,2018-03-01 01:59:50,27.9776,98.0489,4.8,25.1,0.1922,68.6,Oblique,E,ISR,0.461
926,46,5,2024-01-17 22:10:41,21.9592,97.8814,4.3,27.3,0.429,90.3,Reverse,N,ISR,0.922
927,48,6,2019-04-02 15:21:41,28.4432,93.942,7.1,30.2,1.4357,81.9,Oblique,E,IMD,5.097
928,21,2,2021-03-16 12:29:04,23.1914,99.4091,6.0,58.8,0.893,209.0,Strike-Slip,E,USGS,2.679
929,17,2,2019-11-14 23:46:21,24.9386,91.5655,5.1,59.6,0.9301,154.4,Strike-Slip,NE,NCS,2.372
930,25,3,2021-05-28 23:20:38,26.7488,95.476,3.7,63.7,0.3476,444.6,Strike-Slip,E,IMD,0.643
931,44,5,2020-05-11 21:44:00,30.2458,99.2097,6.4,67.3,0.1934,220.6,Reverse,E,NCS,0.619
932,29,3,2021-06-07 12:10:58,25.5658,97.0307,2.5,30.4,1.1558,44.0,Oblique,E,ISR,1.445
933,51,6,2022-06-27 14:47:20,31.3271,89.4701,4.1,30.5,0.5624,469.8,Reverse,E,IMD,1.153
934,36,4,2020-07-01 19:37:35,24.3713,90.4859,1.4,61.8,0.295,108.8,Strike-Slip,NE,ISR,0.206
935,7,1,2019-02-20 11:42:10,26.6428,90.9916,5.4,34.0,0.9021,71.8,Reverse,N,NCS,2.436
936,4,1,2022-03-30 04:37:51,27.615,88.3734,7.1,38.6,1.1855,227.0,Strike-Slip,E,ISR,4.209
937,49,6,2023-04-18 07:11:11,28.726,97.1043,4.8,52.7,1.3542,11.3,Reverse,NW,ISR,3.25
938,19,2,2022-10-31 12:47:19,22.6729,95.6253,7.2,55.0,0.0996,114.6,Normal,NE,USGS,0.359
939,16,2,2019-03-05 16:54:35,23.4292,91.7653,3.9,44.9,0.1159,14.3,Oblique,N,ISR,0.226
940,61,8,2022-06-24 01:52:56,26.5781,90.5041,7.1,32.6,0.7099,337.9,Reverse,NE,ISR,2.52
941,35,4,2019-04-22 02:14:54,25.1449,91.9937,7.2,25.3,0.6007,443.7,Strike-Slip,NW,NCS,2.163
942,5,1,2021-10-25 06:31:09,24.1312,96.2851,2.4,34.9,0.667,367.7,Oblique,NW,NCS,0.8
943,12,1,2019-02-15 09:51:14,27.2783,96.6217,1.4,32.9,0.0454,104.9,Normal,E,ISR,0.032
944,53,6,2024-06-21 10:08:41,30.0881,93.1578,5.9,7.4,1.2212,215.9,Normal,NW,NCS,3.603
945,27,3,2020-05-06 09:40:36,25.671,91.7057,2.4,32.3,1.2167,147.9,Oblique,N,USGS,1.46
946,45,5,2019-03-05 19:14:43,29.8084,94.0267,2.3,3.8,0.9524,123.1,Reverse,NE,ISR,1.095
947,28,3,2018-12-25 00:04:09,27.6146,93.1023,5.5,53.5,1.3466,9.1,Reverse,E,ISR,3.703
948,41,5,2019-08-03 11:04:25,21.9304,93.4225,6.2,1.5,0.326,221.7,Oblique,NW,ISR,1.011
949,19,2,2024-03-15 19:45:02,22.7171,97.888,6.9,13.1,0.538,286.3,Strike-Slip,NE,IMD,1.856
950,10,1,2023-04-18 11:32:18,24.4112,96.845,5.7,7.9,0.5505,181.0,Normal,NE,NCS,1.569
951,20,2,2018-02-25 05:43:18,21.7973,92.3419,1.3,51.6,0.6032,381.7,Oblique,E,USGS,0.392
952,18,2,2018-09-30 22:24:40,28.4114,98.4353,5.5,49.1,0.8451,459.5,Oblique,NE,USGS,2.324
953,35,4,2018-05-09 02:14:58,24.3736,90.2534,5.7,9.9,1.1634,91.9,Strike-Slip,E,NCS,3.316
954,49,6,2020-09-16 11:27:52,31.3627,97.4759,6.8,7.8,0.9551,207.5,Strike-Slip,NE,NCS,3.247
955,26,3,2021-07-14 14:57:45,23.3188,90.3741,3.5,36.2,0.106,425.4,Oblique,NW,IMD,0.185
956,62,8,2022-02-25 04:57:45,27.373,92.7556,5.7,46.4,1.3817,486.5,Oblique,E,USGS,3.938
957,33,4,2019-12-10 06:38:35,24.6292,101.47,3.5,48.2,1.352,250.9,Strike-Slip,E,USGS,2.366
958,12,1,2020-11-20 10:37:14,28.3359,99.46,4.8,54.4,0.1003,434.5,Reverse,E,IMD,0.241
959,31,3,2021-01-28 11:02:31,26.5078,94.0929,2.8,66.1,1.4795,139.8,Strike-Slip,NE,NCS,2.071
960,48,6,2021-02-03 17:57:29,26.0509,94.3147,4.4,26.1,1.1601,53.2,Oblique,N,NCS,2.552
961,54,6,2022-01-29 00:01:35,31.1192,90.9265,6.8,39.9,0.8707,6.8,Reverse,NW,NCS,2.96
962,20,2,2024-04-05 03:40:33,23.5974,93.8489,7.1,51.8,0.2046,173.5,Reverse,N,ISR,0.726
963,6,1,2021-08-21 03:02:45,24.5639,97.1649,3.0,58.0,0.1655,34.4,Strike-Slip,E,USGS,0.248
964,55,7,2024-11-24 22:20:46,29.2079,94.6661,1.9,49.7,1.032,52.8,Oblique,NW,IMD,0.98
965,38,4,2022-09-01 21:51:11,28.8235,100.4282,2.2,37.0,0.7271,411.1,Normal,E,NCS,0.8
966,33,4,2018-02-18 03:49:14,23.8766,98.3958,3.2,4.8,0.4827,456.4,Strike-Slip,NE,USGS,0.772
967,27,3,2019-06-06 21:36:17,23.5674,91.2379,5.7,37.4,0.4287,121.8,Reverse,NE,NCS,1.222
968,49,6,2021-10-14 09:28:33,30.8417,99.0173,5.2,21.3,0.9018,92.4,Normal,NE,IMD,2.345
969,29,3,2022-06-24 15:47:12,27.8964,98.3718,3.7,45.5,0.8647,186.5,Reverse,NE,NCS,1.6
970,59,8,2020-01-27 18:18:19,26.2717,94.0641,6.1,61.3,1.24,191.6,Strike-Slip,NW,NCS,3.782
971,5,1,2019-03-02 11:50:13,23.7304,96.1696,1.9,21.5,1.0078,56.5,Strike-Slip,E,USGS,0.957
972,53,6,2022-01-24 20:24:18,26.6878,89.5355,5.9,56.1,0.4063,427.9,Oblique,E,USGS,1.199
973,42,5,2021-07-26 20:00:56,21.1329,98.5198,2.5,69.9,0.151,123.2,Strike-Slip,NE,NCS,0.189
974,52,6,2021-05-17 09:18:44,28.8283,99.7511,2.5,12.9,1.256,302.6,Normal,NE,ISR,1.57
975,6,1,2020-06-02 03:41:10,26.5219,96.4378,5.4,29.9,0.4926,481.7,Strike-Slip,E,ISR,1.33
976,30,3,2024-01-21 17:33:13,25.2885,91.3647,3.7,49.3,0.5904,171.7,Normal,E,IMD,1.092
977,53,6,2018-10-07 05:13:43,26.6473,91.6115,6.8,27.5,1.2624,397.2,Strike-Slip,N,NCS,4.292
978,33,4,2021-08-29 13:33:05,25.4088,100.9848,2.7,48.2,0.5559,385.4,Oblique,E,ISR,0.75
979,23,3,2022-07-01 02:50:59,29.3887,90.8007,6.8,20.4,0.8273,58.0,Oblique,NW,IMD,2.813
980,16,2,2024-08-04 20:41:56,23.7954,90.1919,3.5,9.6,0.7283,391.5,Strike-Slip,E,NCS,1.275
981,61,8,2022-10-29 00:34:46,25.1893,91.3159,2.8,35.9,0.4416,7.4,Strike-Slip,N,NCS,0.618
982,46,5,2021-07-28 01:33:29,24.9483,98.3658,5.4,35.3,0.1531,486.3,Strike-Slip,NE,IMD,0.413
983,13,2,2019-02-20 02:45:30,25.7506,99.4443,2.4,6.2,0.7851,95.8,Oblique,NW,ISR,0.942
984,39,4,2023-11-30 18:46:55,26.4397,90.8079,5.7,6.2,0.927,488.1,Strike-Slip,NW,NCS,2.642
985,41,5,2018-09-22 04:57:08,22.1812,94.2399,1.3,48.3,0.2263,111.9,Strike-Slip,NE,USGS,0.147
986,33,4,2019-12-19 16:28:14,21.876,100.7168,4.4,32.9,1.2556,380.1,Normal,NW,USGS,2.762
987,17,2,2023-10-01 01:49:24,23.5795,94.6992,3.6,39.0,1.2945,45.4,Reverse,NW,USGS,2.33
988,13,2,2021-07-22 07:13:36,26.0981,100.2956,2.9,66.2,0.0481,165.1,Reverse,N,ISR,0.07
989,4,1,2022-04-30 14:22:54,28.3714,91.8077,6.7,48.8,0.3459,421.4,Strike-Slip,NW,IMD,1.159
990,58,7,2022-08-05 10:32:56,28.8798,95.4418,1.2,22.9,0.8828,418.7,Strike-Slip,N,USGS,0.53
991,31,3,2021-04-10 13:02:30,29.007,96.123,5.3,52.1,0.8201,303.7,Oblique,NW,ISR,2.173
992,18,2,2019-12-03 02:08:28,27.3385,99.7152,1.2,23.9,0.363,381.1,Normal,NW,IMD,0.218
993,35,4,2022-06-11 10:50:02,21.9742,90.0538,3.4,23.2,0.3656,495.2,Reverse,N,ISR,0.622
994,14,2,2018-12-11 11:05:20,23.1035,92.6891,6.2,54.1,1.0932,151.8,Oblique,N,ISR,3.389
995,45,5,2021-07-17 22:16:12,27.5695,96.8137,2.6,38.1,0.7577,137.5,Strike-Slip,E,IMD,0.985
996,2,1,2019-01-23 14:14:23,24.1941,90.146,1.9,26.9,1.2691,329.3,Reverse,E,IMD,1.206
997,10,1,2023-01-13 18:52:45,25.164,99.2891,2.1,58.5,0.0375,131.1,Reverse,NE,USGS,0.039
998,55,7,2021-11-13 15:56:28,29.5899,95.6019,5.9,21.4,0.0299,451.0,Oblique,NE,IMD,0.088
999,23,3,2024-04-11 19:46:56,26.8014,92.7506,3.2,7.3,1.1696,234.4,Normal,E,IMD,1.871
1000,37,4,2023-07-08 02:42:10,26.6544,94.252,5.0,63.0,0.3541,265.9,Reverse,N,NCS,0.885
