record_id,slope_id,district_id,rock_type,geological_age,rock_class,weathering_grade,rock_mass_rating,joint_dip_deg,joint_strike_deg,joint_spacing_m,joint_aperture_class,infill_material,ucs_mpa,discontinuity_persistence,structural_control_risk
1,119,18,Shale,Cenozoic,Metamorphic,4,4,26.3,80,4.81,Closed,Iron Oxide,239.9,0.99,Low
2,2,16,Granite,Mesozoic,Igneous,5,2,78.4,133,8.87,Tight,None,118.3,0.58,Moderate
3,300,25,Sandstone,Paleozoic,Metamorphic,5,5,44.7,60,9.98,Closed,Calcite,48.5,0.48,Very High
4,68,40,Granite,Cenozoic,Igneous,3,5,41.4,43,6.98,Open,Iron Oxide,14.3,0.03,High
5,448,12,Schist,Quaternary,Igneous,0,5,2.6,113,6.95,Very Tight,Clay,178.0,0.26,High
6,156,3,Schist,Paleozoic,Igneous,5,4,30.3,97,2.53,Closed,Calcite,168.7,0.23,Moderate
7,352,17,Shale,Paleozoic,Sedimentary,3,2,77.9,66,8.21,Open,Clay,201.2,0.13,Low
8,418,51,Phyllite,Quaternary,Igneous,1,5,52.7,163,4.17,Open,Calcite,227.6,0.82,High
9,314,31,Gneiss,Mesozoic,Metamorphic,0,3,85.5,102,8.8,Closed,Clay,93.3,0.52,Very High
10,305,51,Limestone,Mesozoic,Metamorphic,1,3,88.7,139,7.76,Tight,Iron Oxide,241.4,0.01,Low
11,500,17,Schist,Paleozoic,Igneous,0,3,24.7,174,8.64,Closed,None,130.7,0.31,Moderate
12,414,36,Sandstone,Cenozoic,Igneous,0,3,44.2,166,6.36,Tight,Calcite,80.5,0.9,Very High
13,24,8,Basalt,Paleozoic,Sedimentary,1,4,17.8,172,6.65,Tight,Calcite,242.5,0.2,High
14,485,57,Limestone,Precambrian,Metamorphic,1,4,74.8,22,8.37,Very Tight,Quartz,30.0,0.5,Low
15,363,8,Schist,Paleozoic,Igneous,3,3,10.5,155,7.78,Tight,Clay,76.2,0.45,Moderate
16,433,62,Sandstone,Mesozoic,Metamorphic,0,5,79.5,152,1.26,Tight,Quartz,243.3,0.29,Low
17,271,46,Basalt,Paleozoic,Sedimentary,5,5,61.0,157,8.32,Tight,Iron Oxide,16.3,0.9,Very High
18,436,18,Phyllite,Cenozoic,Metamorphic,2,4,63.9,79,0.7,Open,Clay,41.5,1.0,Low
19,19,30,Gneiss,Cenozoic,Metamorphic,0,3,4.3,155,3.86,Closed,Iron Oxide,237.6,0.83,Low
20,277,10,Granite,Cenozoic,Metamorphic,4,4,75.5,161,5.89,Very Tight,None,91.5,0.68,Very High
21,19,30,Basalt,Precambrian,Metamorphic,4,5,27.7,146,3.79,Closed,Calcite,113.6,0.6,High
22,348,34,Granite,Precambrian,Igneous,5,4,80.0,131,7.05,Very Tight,Calcite,183.6,0.88,Very High
23,236,28,Limestone,Precambrian,Igneous,2,2,25.5,106,7.3,Open,Calcite,231.9,0.73,Very High
24,1,54,Phyllite,Precambrian,Igneous,0,5,73.7,169,3.08,Tight,Clay,127.2,0.91,Moderate
25,133,25,Granite,Quaternary,Igneous,2,1,24.8,11,7.15,Tight,Clay,34.0,0.53,Low
26,436,18,Schist,Mesozoic,Sedimentary,4,4,34.0,42,9.26,Closed,Quartz,127.7,0.61,Low
27,155,34,Granite,Precambrian,Metamorphic,1,2,41.1,60,9.18,Open,Quartz,185.2,0.26,Very High
28,147,29,Granite,Quaternary,Metamorphic,5,3,77.4,109,0.55,Tight,Clay,77.4,0.78,Very High
29,36,33,Gneiss,Quaternary,Metamorphic,0,1,67.8,117,7.43,Closed,Iron Oxide,224.9,0.95,Moderate
30,221,23,Limestone,Mesozoic,Igneous,3,4,13.2,57,3.6,Tight,Clay,48.0,0.41,High
31,85,33,Sandstone,Mesozoic,Metamorphic,1,3,14.0,2,3.0,Closed,Iron Oxide,219.9,0.17,Very High
32,269,36,Schist,Quaternary,Igneous,1,4,35.4,8,9.71,Very Tight,Calcite,226.6,0.67,Very High
33,199,1,Phyllite,Cenozoic,Sedimentary,5,4,63.0,91,3.05,Closed,Quartz,233.3,0.8,High
34,126,31,Granite,Precambrian,Igneous,5,3,54.1,6,6.91,Tight,Calcite,152.5,0.05,Low
35,345,12,Schist,Cenozoic,Metamorphic,5,5,9.5,73,9.35,Tight,Clay,127.3,0.96,High
36,151,43,Sandstone,Paleozoic,Igneous,4,3,2.6,92,8.82,Closed,Calcite,14.8,0.76,Moderate
37,251,21,Phyllite,Precambrian,Sedimentary,2,2,79.8,49,6.29,Closed,Clay,95.9,0.62,Low
38,170,32,Phyllite,Mesozoic,Sedimentary,0,1,47.4,154,4.3,Closed,None,76.8,0.4,Low
39,443,9,Gneiss,Mesozoic,Igneous,4,3,75.2,2,5.75,Tight,Calcite,131.0,0.71,High
40,366,16,Basalt,Precambrian,Igneous,3,4,3.3,64,8.55,Tight,Clay,169.9,0.4,High
41,154,46,Limestone,Mesozoic,Igneous,5,4,10.5,118,7.89,Very Tight,Calcite,51.9,0.27,Moderate
42,497,32,Sandstone,Paleozoic,Metamorphic,4,5,23.4,170,1.77,Very Tight,None,171.7,0.87,Low
43,50,58,Phyllite,Cenozoic,Sedimentary,1,4,77.7,125,2.66,Very Tight,Clay,166.1,0.4,Moderate
44,87,37,Sandstone,Mesozoic,Metamorphic,3,1,2.8,39,5.71,Closed,None,160.5,0.54,Moderate
45,471,58,Quartzite,Precambrian,Igneous,4,5,62.5,14,1.75,Closed,Iron Oxide,114.7,0.47,Very High
46,495,40,Phyllite,Mesozoic,Igneous,4,4,5.8,101,4.16,Tight,None,159.8,0.76,Moderate
47,206,9,Quartzite,Quaternary,Metamorphic,5,3,17.4,109,1.9,Tight,Iron Oxide,45.8,0.13,High
48,452,34,Shale,Precambrian,Metamorphic,3,5,66.4,132,3.38,Tight,Quartz,72.4,0.11,High
49,355,23,Shale,Mesozoic,Sedimentary,0,2,30.9,59,5.94,Closed,Iron Oxide,152.0,0.86,Very High
50,120,14,Schist,Cenozoic,Igneous,2,4,40.6,97,3.26,Tight,Iron Oxide,233.1,0.42,Low
51,285,41,Phyllite,Mesozoic,Metamorphic,1,5,88.7,24,5.0,Tight,Calcite,89.5,0.25,Very High
52,111,24,Shale,Quaternary,Sedimentary,5,2,71.2,129,7.05,Tight,None,237.1,0.54,Low
53,417,57,Granite,Paleozoic,Igneous,1,2,45.3,178,0.89,Very Tight,Quartz,203.3,0.17,High
54,327,20,Quartzite,Quaternary,Sedimentary,4,3,76.4,79,2.6,Very Tight,Iron Oxide,136.1,0.81,High
55,338,44,Limestone,Paleozoic,Sedimentary,5,2,29.6,29,9.41,Closed,None,98.4,0.96,Low
56,497,32,Granite,Cenozoic,Igneous,0,5,14.1,105,6.53,Closed,Iron Oxide,46.1,0.32,Low
57,209,48,Gneiss,Paleozoic,Igneous,4,2,34.8,145,7.57,Open,None,216.1,0.59,High
58,90,62,Granite,Quaternary,Igneous,5,5,11.8,171,9.82,Tight,Calcite,184.9,0.36,High
59,85,33,Granite,Precambrian,Sedimentary,5,2,59.6,160,9.21,Closed,None,149.1,0.51,Low
60,184,38,Quartzite,Paleozoic,Sedimentary,0,5,72.2,129,8.17,Open,Quartz,88.4,0.7,Very High
61,369,35,Shale,Paleozoic,Sedimentary,5,4,64.7,27,0.15,Closed,Clay,27.3,0.6,Low
62,218,28,Granite,Mesozoic,Igneous,2,3,4.6,163,2.83,Tight,None,96.3,0.31,Very High
63,9,21,Phyllite,Mesozoic,Metamorphic,4,2,44.5,78,6.35,Open,None,74.5,0.02,Low
64,485,57,Schist,Paleozoic,Igneous,2,5,2.4,110,8.13,Closed,Iron Oxide,227.0,0.08,High
65,186,38,Schist,Mesozoic,Igneous,3,4,13.1,171,0.34,Closed,None,67.3,0.41,High
66,145,47,Schist,Quaternary,Sedimentary,1,5,58.0,110,9.61,Closed,Clay,245.8,0.87,Very High
67,262,52,Shale,Paleozoic,Sedimentary,1,4,83.0,63,9.19,Very Tight,Calcite,166.2,0.31,High
68,459,55,Gneiss,Quaternary,Igneous,1,4,49.7,159,1.63,Closed,Iron Oxide,101.8,0.36,High
69,326,3,Sandstone,Quaternary,Sedimentary,3,1,75.9,162,0.8,Closed,Calcite,40.3,0.12,Very High
70,189,17,Gneiss,Paleozoic,Metamorphic,2,4,26.4,155,6.6,Open,Quartz,236.9,0.07,Low
71,207,34,Gneiss,Precambrian,Igneous,1,2,29.5,170,7.51,Closed,Calcite,153.6,0.93,High
72,353,3,Limestone,Quaternary,Igneous,1,5,27.5,73,6.13,Tight,None,129.1,0.99,High
73,47,61,Sandstone,Quaternary,Igneous,3,2,12.3,5,6.58,Open,Clay,97.9,0.72,Low
74,160,34,Limestone,Quaternary,Metamorphic,5,1,77.6,37,4.95,Closed,Clay,227.0,0.76,Moderate
75,351,12,Sandstone,Precambrian,Metamorphic,5,4,30.9,153,7.26,Closed,Calcite,212.3,0.83,Low
76,230,59,Limestone,Precambrian,Metamorphic,2,1,46.9,62,1.06,Tight,Quartz,189.5,0.59,Moderate
77,419,15,Shale,Mesozoic,Igneous,2,1,60.2,124,1.07,Closed,Calcite,13.2,0.82,Low
78,326,3,Shale,Cenozoic,Sedimentary,1,3,43.3,32,2.31,Closed,Clay,103.1,0.68,Very High
79,195,6,Gneiss,Mesozoic,Igneous,1,4,10.1,26,6.51,Closed,Calcite,244.9,0.59,Low
80,330,35,Basalt,Quaternary,Igneous,1,2,47.3,71,5.89,Open,None,180.6,0.66,Very High
81,331,24,Sandstone,Mesozoic,Igneous,1,2,36.5,119,8.65,Tight,Iron Oxide,237.5,0.78,Very High
82,162,25,Phyllite,Quaternary,Sedimentary,0,1,89.7,109,9.77,Tight,None,193.8,1.0,Low
83,123,54,Phyllite,Quaternary,Igneous,3,2,67.8,60,6.98,Tight,None,130.5,0.4,Moderate
84,186,38,Granite,Cenozoic,Metamorphic,0,3,88.5,8,8.91,Closed,Iron Oxide,229.4,0.98,High
85,87,37,Gneiss,Paleozoic,Sedimentary,0,1,87.9,73,1.99,Open,Quartz,48.2,0.16,Very High
86,70,32,Gneiss,Cenozoic,Sedimentary,1,4,33.0,167,2.42,Open,Quartz,153.8,0.56,Low
87,36,33,Quartzite,Precambrian,Metamorphic,4,5,27.8,157,1.15,Open,None,123.0,0.96,Low
88,453,58,Limestone,Precambrian,Metamorphic,4,1,59.1,77,2.5,Closed,None,112.6,0.02,High
89,132,29,Limestone,Precambrian,Igneous,0,1,84.2,8,0.8,Tight,Calcite,93.4,0.36,Moderate
90,177,17,Basalt,Quaternary,Sedimentary,1,4,74.9,74,6.96,Closed,Quartz,154.5,0.73,Very High
91,376,55,Quartzite,Precambrian,Sedimentary,2,4,67.3,77,1.88,Closed,Quartz,132.1,0.04,Moderate
92,458,31,Quartzite,Cenozoic,Igneous,1,3,20.9,155,4.46,Tight,Calcite,87.3,0.91,Low
93,476,22,Quartzite,Quaternary,Igneous,4,5,16.3,128,2.45,Closed,Quartz,39.8,0.92,High
94,338,44,Phyllite,Quaternary,Sedimentary,1,1,50.3,30,1.47,Tight,Quartz,105.5,0.17,Low
95,60,36,Limestone,Paleozoic,Igneous,4,1,83.6,133,3.29,Tight,Iron Oxide,36.3,0.58,Moderate
96,66,37,Basalt,Quaternary,Metamorphic,5,5,38.8,156,0.12,Closed,None,228.7,0.7,Very High
97,212,16,Granite,Quaternary,Igneous,5,4,18.3,37,3.31,Very Tight,Iron Oxide,79.5,0.92,Very High
98,150,17,Limestone,Quaternary,Sedimentary,2,4,53.1,81,2.87,Open,Iron Oxide,249.0,0.48,Moderate
99,156,3,Gneiss,Mesozoic,Sedimentary,5,4,61.9,62,2.96,Closed,Clay,217.8,0.22,Very High
100,166,39,Shale,Cenozoic,Igneous,4,5,47.7,171,2.82,Closed,Iron Oxide,130.2,0.93,Low
101,454,19,Sandstone,Cenozoic,Metamorphic,5,1,69.5,123,9.51,Tight,Quartz,169.7,0.2,Low
102,316,9,Quartzite,Mesozoic,Sedimentary,0,5,19.4,165,9.9,Very Tight,Clay,91.3,0.22,Low
103,69,58,Shale,Quaternary,Sedimentary,3,5,4.1,87,0.37,Open,Iron Oxide,102.5,0.32,High
104,366,16,Phyllite,Mesozoic,Sedimentary,4,5,28.6,65,5.91,Tight,Quartz,193.5,0.44,Very High
105,401,51,Phyllite,Quaternary,Igneous,4,1,69.7,55,8.38,Very Tight,None,60.3,0.08,Moderate
106,182,2,Granite,Cenozoic,Metamorphic,1,4,61.6,73,5.39,Open,Iron Oxide,158.7,0.1,Low
107,363,8,Schist,Mesozoic,Sedimentary,3,1,71.9,110,3.86,Closed,Iron Oxide,23.8,0.45,High
108,137,29,Granite,Mesozoic,Sedimentary,4,5,57.6,8,1.15,Very Tight,None,247.0,0.98,Low
109,76,7,Granite,Mesozoic,Sedimentary,4,1,51.7,162,9.93,Tight,Clay,172.3,0.36,Very High
110,210,17,Schist,Quaternary,Igneous,2,2,34.1,41,4.91,Closed,None,204.7,0.01,High
111,133,25,Basalt,Paleozoic,Igneous,1,3,72.8,147,5.28,Open,Clay,214.3,0.36,Low
112,6,1,Granite,Cenozoic,Igneous,0,5,17.0,47,5.92,Tight,Calcite,191.6,0.41,High
113,309,40,Granite,Paleozoic,Metamorphic,0,3,76.3,53,6.09,Open,Quartz,70.3,0.01,Low
114,324,43,Granite,Mesozoic,Igneous,5,4,3.5,151,3.23,Tight,Iron Oxide,142.7,0.27,High
115,377,24,Shale,Quaternary,Metamorphic,2,5,77.6,89,6.09,Very Tight,Calcite,61.4,0.11,Low
116,150,17,Quartzite,Precambrian,Igneous,1,4,58.1,77,1.72,Closed,Clay,116.5,0.33,Very High
117,64,11,Schist,Mesozoic,Sedimentary,1,2,79.3,126,3.98,Very Tight,Iron Oxide,238.5,0.37,Moderate
118,53,12,Schist,Paleozoic,Igneous,4,4,49.6,128,4.95,Very Tight,Iron Oxide,37.4,0.47,Low
119,62,43,Phyllite,Quaternary,Metamorphic,5,3,25.6,45,8.93,Tight,None,62.1,0.69,Moderate
120,351,12,Limestone,Quaternary,Sedimentary,0,3,37.9,67,5.76,Very Tight,Clay,38.7,0.8,Low
121,27,58,Quartzite,Precambrian,Metamorphic,5,5,48.5,45,8.46,Open,Quartz,160.3,0.04,Moderate
122,498,11,Schist,Cenozoic,Igneous,2,2,88.0,2,3.32,Open,Clay,12.3,0.66,Very High
123,402,22,Quartzite,Quaternary,Sedimentary,0,1,0.5,69,7.03,Tight,Iron Oxide,220.2,0.79,High
124,24,8,Schist,Precambrian,Metamorphic,3,1,29.2,120,8.31,Closed,None,197.3,0.4,High
125,26,28,Phyllite,Cenozoic,Igneous,1,4,7.6,124,7.12,Tight,Iron Oxide,47.4,0.71,Very High
126,225,42,Gneiss,Precambrian,Igneous,4,2,72.7,36,3.09,Closed,Clay,201.1,0.96,Low
127,79,42,Phyllite,Paleozoic,Metamorphic,0,4,48.8,138,1.39,Tight,Calcite,150.6,0.67,Low
128,448,12,Quartzite,Paleozoic,Sedimentary,0,4,13.5,109,4.67,Closed,Iron Oxide,143.3,0.74,Low
129,76,7,Sandstone,Paleozoic,Metamorphic,3,5,9.7,81,7.28,Tight,Quartz,249.1,0.76,Moderate
130,66,37,Gneiss,Cenozoic,Sedimentary,4,4,81.4,178,7.49,Open,Iron Oxide,207.3,0.97,Moderate
131,277,10,Gneiss,Precambrian,Igneous,4,5,45.2,113,4.92,Closed,None,23.7,0.69,Moderate
132,187,36,Quartzite,Cenozoic,Metamorphic,0,1,53.3,180,8.5,Closed,Iron Oxide,33.0,0.01,Low
133,410,11,Quartzite,Cenozoic,Sedimentary,4,2,72.8,61,6.6,Open,Iron Oxide,110.0,0.18,Moderate
134,230,59,Gneiss,Paleozoic,Igneous,4,5,70.4,120,2.33,Open,Iron Oxide,123.3,0.73,Low
135,271,46,Schist,Cenozoic,Igneous,0,4,85.7,92,6.09,Closed,None,129.7,0.46,Low
136,74,43,Basalt,Mesozoic,Metamorphic,2,5,16.4,149,2.69,Open,Calcite,180.0,0.35,Low
137,218,28,Limestone,Quaternary,Sedimentary,3,2,13.8,106,3.43,Very Tight,Iron Oxide,63.4,0.12,Very High
138,400,48,Sandstone,Paleozoic,Igneous,3,4,0.4,54,8.99,Very Tight,Calcite,62.0,0.53,High
139,350,18,Shale,Quaternary,Metamorphic,1,3,69.3,117,8.08,Open,Calcite,135.5,0.87,High
140,36,33,Quartzite,Mesozoic,Metamorphic,5,5,55.2,143,2.88,Very Tight,Quartz,166.3,0.64,Low
141,117,50,Gneiss,Precambrian,Igneous,1,3,40.7,148,2.02,Very Tight,Calcite,199.1,0.53,High
142,345,12,Sandstone,Quaternary,Sedimentary,2,5,88.3,161,7.97,Tight,Iron Oxide,135.3,0.37,Moderate
143,158,29,Limestone,Precambrian,Metamorphic,5,2,6.9,25,2.72,Very Tight,Calcite,215.3,0.39,Low
144,434,13,Sandstone,Paleozoic,Sedimentary,4,1,64.7,39,9.42,Very Tight,None,90.8,0.89,Very High
145,129,49,Phyllite,Mesozoic,Metamorphic,1,4,69.5,6,1.09,Closed,Calcite,203.2,0.78,Moderate
146,300,25,Phyllite,Cenozoic,Igneous,1,4,17.9,4,5.91,Closed,Iron Oxide,96.1,0.57,High
147,5,32,Gneiss,Paleozoic,Metamorphic,1,1,61.4,92,7.38,Very Tight,Calcite,56.3,0.72,Very High
148,367,29,Quartzite,Cenozoic,Metamorphic,1,4,60.1,150,1.92,Very Tight,Clay,212.8,0.22,Low
149,332,54,Quartzite,Precambrian,Metamorphic,2,2,19.0,101,7.62,Tight,Quartz,199.1,0.48,Moderate
150,500,17,Quartzite,Cenozoic,Igneous,5,2,75.5,156,2.83,Tight,Calcite,156.1,0.57,High
151,31,57,Phyllite,Cenozoic,Igneous,0,1,9.8,6,5.99,Tight,None,117.0,0.95,Very High
152,335,8,Shale,Mesozoic,Metamorphic,5,3,60.2,114,0.37,Closed,Calcite,82.2,0.66,Low
153,320,23,Schist,Cenozoic,Igneous,1,2,14.1,143,9.54,Closed,None,140.2,0.14,Moderate
154,383,6,Gneiss,Precambrian,Sedimentary,0,3,74.0,141,3.82,Closed,Calcite,144.2,0.84,High
155,56,45,Granite,Cenozoic,Igneous,5,1,34.4,134,9.99,Tight,Calcite,44.6,0.68,Moderate
156,455,18,Granite,Mesozoic,Metamorphic,2,4,82.2,27,0.44,Open,Clay,56.0,0.89,Moderate
157,77,47,Gneiss,Paleozoic,Igneous,2,5,78.0,36,4.19,Tight,Clay,137.2,0.57,Low
158,108,42,Sandstone,Precambrian,Sedimentary,1,4,48.3,158,1.79,Tight,Iron Oxide,210.6,0.92,High
159,371,53,Granite,Paleozoic,Igneous,3,2,28.5,143,6.25,Tight,Calcite,135.9,0.22,High
160,455,18,Basalt,Precambrian,Metamorphic,3,2,10.8,46,8.25,Very Tight,None,75.3,0.5,High
161,144,5,Gneiss,Quaternary,Sedimentary,5,4,49.9,51,6.24,Tight,Iron Oxide,216.0,0.24,Moderate
162,262,52,Sandstone,Cenozoic,Sedimentary,3,2,0.7,173,8.83,Tight,Calcite,146.0,0.51,Moderate
163,405,16,Quartzite,Cenozoic,Metamorphic,2,3,2.3,96,8.0,Tight,Iron Oxide,172.0,0.59,Moderate
164,112,20,Sandstone,Paleozoic,Metamorphic,4,2,4.5,70,8.94,Open,Quartz,180.6,0.9,Low
165,346,34,Phyllite,Quaternary,Igneous,5,3,33.1,100,5.0,Closed,Clay,241.2,0.83,Moderate
166,421,51,Basalt,Mesozoic,Sedimentary,1,4,25.7,32,6.13,Very Tight,Quartz,37.6,0.77,Very High
167,15,17,Phyllite,Quaternary,Igneous,5,1,70.0,39,7.77,Very Tight,Quartz,100.4,0.61,High
168,131,9,Basalt,Quaternary,Sedimentary,1,5,80.1,178,3.28,Closed,Iron Oxide,156.2,0.31,Very High
169,458,31,Limestone,Cenozoic,Igneous,0,3,22.3,163,9.77,Open,Clay,171.3,0.52,Very High
170,43,55,Gneiss,Precambrian,Sedimentary,4,1,19.1,72,1.1,Very Tight,Calcite,182.3,0.34,Low
171,139,3,Shale,Paleozoic,Metamorphic,0,3,49.6,52,7.95,Tight,None,88.9,0.26,Very High
172,371,53,Phyllite,Cenozoic,Igneous,4,3,80.8,40,4.69,Very Tight,Clay,78.3,0.59,High
173,4,19,Gneiss,Mesozoic,Igneous,2,4,39.9,73,9.8,Tight,Quartz,194.7,0.48,Very High
174,236,28,Granite,Paleozoic,Sedimentary,4,5,80.5,52,0.15,Tight,Calcite,235.6,0.94,High
175,359,40,Phyllite,Quaternary,Igneous,2,1,0.1,28,4.03,Open,Iron Oxide,38.0,0.08,Very High
176,242,17,Phyllite,Precambrian,Sedimentary,4,5,68.0,170,1.74,Tight,Clay,208.7,0.48,Very High
177,182,2,Sandstone,Cenozoic,Igneous,3,3,88.1,175,9.0,Closed,None,189.0,0.05,Low
178,423,20,Quartzite,Paleozoic,Igneous,0,3,27.2,104,4.25,Tight,Clay,68.2,0.17,Moderate
179,212,16,Sandstone,Precambrian,Metamorphic,2,3,58.3,22,0.4,Open,None,208.2,0.5,High
180,297,55,Shale,Paleozoic,Sedimentary,1,5,37.9,19,8.91,Open,Quartz,189.6,0.74,High
181,107,47,Limestone,Precambrian,Sedimentary,3,2,13.6,165,6.57,Tight,Quartz,168.4,0.16,Low
182,359,40,Limestone,Quaternary,Metamorphic,3,3,45.1,158,4.65,Open,Iron Oxide,165.1,0.21,Moderate
183,464,31,Shale,Quaternary,Metamorphic,0,3,61.9,71,4.85,Very Tight,Calcite,249.0,0.78,Moderate
184,49,36,Limestone,Quaternary,Igneous,3,1,64.8,116,3.49,Open,Quartz,179.1,0.94,Moderate
185,470,7,Basalt,Mesozoic,Igneous,3,3,34.5,175,3.51,Very Tight,Calcite,231.7,0.0,Low
186,7,33,Schist,Precambrian,Metamorphic,2,2,84.5,144,3.55,Tight,Calcite,217.9,0.41,Very High
187,375,28,Limestone,Paleozoic,Igneous,3,3,86.5,131,1.02,Open,Iron Oxide,20.7,0.52,Low
188,43,55,Limestone,Cenozoic,Igneous,4,3,10.3,179,4.16,Open,None,179.0,0.04,Very High
189,340,31,Limestone,Paleozoic,Igneous,0,3,30.8,53,5.67,Very Tight,Quartz,111.5,0.29,Moderate
190,119,18,Granite,Paleozoic,Sedimentary,0,4,27.7,80,4.46,Tight,Quartz,31.5,0.48,Moderate
191,436,18,Limestone,Precambrian,Igneous,4,4,39.2,14,6.85,Closed,Calcite,140.5,0.54,Very High
192,457,50,Shale,Quaternary,Metamorphic,3,2,19.1,50,2.33,Tight,Iron Oxide,90.4,0.89,Low
193,424,17,Sandstone,Precambrian,Sedimentary,0,1,67.4,125,4.23,Open,Clay,197.0,0.78,Low
194,426,27,Quartzite,Cenozoic,Igneous,4,4,18.3,134,6.37,Tight,None,100.8,0.75,Low
195,377,24,Quartzite,Paleozoic,Metamorphic,1,2,74.8,140,5.5,Open,Clay,70.3,0.45,Very High
196,41,34,Schist,Mesozoic,Metamorphic,1,4,16.8,143,6.03,Very Tight,Iron Oxide,97.3,0.87,Very High
197,229,62,Basalt,Paleozoic,Sedimentary,2,2,75.7,108,8.34,Tight,Clay,102.3,0.23,Moderate
198,361,43,Schist,Paleozoic,Igneous,4,3,5.5,119,6.88,Closed,Quartz,201.5,0.23,Low
199,165,26,Shale,Mesozoic,Igneous,5,4,84.9,38,4.18,Very Tight,Calcite,102.1,0.3,Moderate
200,117,50,Gneiss,Cenozoic,Sedimentary,0,2,20.2,163,9.41,Tight,Clay,39.4,0.46,Low
201,427,53,Sandstone,Quaternary,Metamorphic,3,3,33.9,180,2.62,Open,Calcite,194.3,0.99,Very High
202,323,27,Schist,Quaternary,Metamorphic,2,4,68.2,130,8.49,Tight,Calcite,240.2,0.33,Low
203,99,18,Quartzite,Mesozoic,Metamorphic,2,1,71.4,88,0.8,Closed,Calcite,121.2,0.35,High
204,296,41,Quartzite,Paleozoic,Metamorphic,2,1,48.3,179,7.78,Very Tight,Iron Oxide,202.3,0.45,Low
205,301,14,Quartzite,Precambrian,Metamorphic,1,1,20.1,43,1.05,Closed,None,68.3,0.71,High
206,181,10,Quartzite,Quaternary,Metamorphic,2,5,16.2,161,7.2,Tight,Iron Oxide,76.8,0.0,Moderate
207,251,21,Schist,Quaternary,Igneous,5,1,35.6,164,3.5,Closed,Calcite,18.1,0.06,Low
208,268,58,Sandstone,Quaternary,Igneous,1,1,55.6,49,6.0,Very Tight,Calcite,119.7,0.89,Moderate
209,256,59,Schist,Quaternary,Metamorphic,0,4,16.8,102,0.77,Open,Calcite,150.2,0.4,High
210,75,15,Phyllite,Mesozoic,Sedimentary,1,2,62.6,118,6.31,Open,Calcite,71.3,0.27,High
211,471,58,Shale,Cenozoic,Metamorphic,4,2,23.2,2,9.21,Tight,Calcite,232.5,0.23,High
212,202,36,Granite,Paleozoic,Sedimentary,2,5,10.9,42,4.03,Closed,Quartz,78.3,0.47,Low
213,473,11,Phyllite,Paleozoic,Sedimentary,2,2,34.9,150,8.84,Open,None,140.1,0.13,Moderate
214,422,28,Granite,Mesozoic,Sedimentary,4,1,4.1,115,4.58,Open,None,52.4,0.51,Low
215,208,34,Shale,Paleozoic,Sedimentary,4,2,35.9,51,4.66,Tight,Calcite,176.1,0.85,Low
216,483,39,Schist,Paleozoic,Sedimentary,5,5,38.8,31,1.64,Tight,None,177.9,0.63,Moderate
217,343,43,Quartzite,Paleozoic,Metamorphic,5,5,50.6,37,7.09,Tight,Quartz,24.4,0.87,Low
218,40,32,Granite,Mesozoic,Sedimentary,5,3,55.8,130,0.56,Open,Clay,89.1,0.06,High
219,371,53,Quartzite,Paleozoic,Sedimentary,0,4,71.9,110,2.82,Closed,Iron Oxide,126.3,0.52,Low
220,304,49,Granite,Precambrian,Metamorphic,1,1,74.9,1,8.68,Tight,Quartz,73.7,0.86,High
221,247,49,Quartzite,Paleozoic,Igneous,3,2,15.8,167,5.68,Open,Iron Oxide,75.6,0.77,High
222,147,29,Shale,Quaternary,Metamorphic,5,1,71.0,167,8.92,Tight,None,239.5,0.92,Very High
223,266,47,Basalt,Quaternary,Sedimentary,4,4,6.2,117,7.19,Tight,None,201.0,0.97,Very High
224,109,47,Sandstone,Paleozoic,Sedimentary,4,3,38.4,100,3.23,Tight,Iron Oxide,150.4,0.78,Moderate
225,311,5,Quartzite,Cenozoic,Sedimentary,3,3,27.0,108,8.54,Very Tight,Iron Oxide,139.5,0.46,Moderate
226,467,57,Phyllite,Mesozoic,Igneous,4,1,22.6,7,0.82,Tight,Calcite,122.7,0.4,Moderate
227,129,49,Schist,Quaternary,Sedimentary,5,1,72.3,164,7.47,Tight,Iron Oxide,39.5,0.87,High
228,25,29,Basalt,Cenozoic,Metamorphic,2,4,49.3,175,0.22,Very Tight,Calcite,113.9,0.13,Moderate
229,272,61,Gneiss,Cenozoic,Sedimentary,0,4,13.7,147,1.97,Very Tight,None,75.5,0.39,Moderate
230,363,8,Gneiss,Precambrian,Sedimentary,4,5,82.6,159,0.44,Open,None,111.5,0.04,Moderate
231,38,62,Sandstone,Precambrian,Sedimentary,1,3,83.6,122,3.95,Open,Quartz,39.9,0.79,Very High
232,211,39,Phyllite,Quaternary,Igneous,2,4,3.2,64,0.12,Tight,Quartz,105.8,0.22,Low
233,141,24,Shale,Precambrian,Igneous,5,1,11.8,130,5.1,Very Tight,None,213.3,0.66,Moderate
234,90,62,Sandstone,Precambrian,Igneous,3,5,3.1,12,8.01,Very Tight,Clay,127.1,0.86,Low
235,62,43,Phyllite,Quaternary,Sedimentary,4,2,86.8,56,7.02,Tight,Iron Oxide,124.9,0.02,Moderate
236,176,21,Schist,Precambrian,Metamorphic,0,4,19.3,30,9.16,Closed,Calcite,181.8,0.82,Low
237,174,33,Granite,Paleozoic,Metamorphic,1,3,8.1,96,2.87,Tight,Clay,161.5,0.64,Moderate
238,69,58,Granite,Quaternary,Sedimentary,2,2,58.9,179,2.03,Very Tight,None,121.6,0.12,Low
239,143,27,Sandstone,Quaternary,Metamorphic,0,3,87.9,125,8.04,Open,None,241.9,0.6,Low
240,31,57,Granite,Paleozoic,Metamorphic,4,3,34.4,5,4.39,Closed,Iron Oxide,18.0,0.74,Moderate
241,205,21,Schist,Quaternary,Sedimentary,4,3,51.9,38,1.96,Open,Iron Oxide,37.8,0.83,Low
242,167,44,Phyllite,Precambrian,Sedimentary,0,2,62.6,160,9.39,Very Tight,None,249.2,0.39,Very High
243,301,14,Shale,Precambrian,Sedimentary,0,3,65.3,51,8.25,Open,Calcite,247.0,0.78,High
244,378,36,Quartzite,Quaternary,Metamorphic,2,4,5.4,43,4.01,Tight,Clay,30.8,0.61,Low
245,230,59,Schist,Quaternary,Igneous,0,3,17.9,129,3.11,Open,Clay,37.4,0.7,Low
246,480,56,Granite,Cenozoic,Sedimentary,1,3,88.0,83,9.42,Tight,Clay,48.8,0.06,High
247,48,10,Gneiss,Cenozoic,Metamorphic,2,2,29.7,56,1.2,Tight,Iron Oxide,210.6,0.25,Moderate
248,361,43,Shale,Precambrian,Sedimentary,0,3,80.9,47,1.24,Open,Calcite,140.6,0.33,Low
249,19,30,Schist,Mesozoic,Igneous,1,4,75.3,86,4.64,Open,Calcite,198.9,0.76,Moderate
250,484,10,Schist,Precambrian,Igneous,5,5,43.8,107,6.1,Tight,Quartz,54.4,0.43,Moderate
251,43,55,Granite,Cenozoic,Metamorphic,2,2,2.5,46,3.68,Closed,Clay,231.0,0.69,Moderate
252,164,2,Quartzite,Quaternary,Metamorphic,1,5,34.1,21,6.83,Open,Calcite,125.8,0.61,Low
253,252,46,Shale,Mesozoic,Sedimentary,0,2,70.6,78,0.15,Open,Quartz,17.1,0.32,High
254,321,24,Granite,Precambrian,Metamorphic,4,2,56.7,101,6.63,Tight,Quartz,37.8,0.12,High
255,467,57,Quartzite,Mesozoic,Igneous,2,3,42.8,144,6.07,Tight,Iron Oxide,109.4,0.87,High
256,441,56,Schist,Mesozoic,Igneous,2,1,39.9,72,3.36,Open,Clay,214.6,0.29,Low
257,223,44,Basalt,Mesozoic,Sedimentary,2,3,67.5,125,0.78,Tight,None,28.8,0.44,Moderate
258,276,62,Schist,Quaternary,Sedimentary,2,5,38.2,174,6.67,Closed,Iron Oxide,182.2,0.78,Moderate
259,367,29,Granite,Mesozoic,Igneous,0,5,69.5,136,0.85,Very Tight,Calcite,43.2,0.64,High
260,416,37,Limestone,Cenozoic,Sedimentary,0,4,88.1,12,2.34,Very Tight,Quartz,113.0,0.02,High
261,211,39,Shale,Paleozoic,Metamorphic,5,4,79.1,32,6.75,Open,Iron Oxide,159.3,0.8,Low
262,320,23,Schist,Precambrian,Sedimentary,1,4,16.0,32,9.03,Very Tight,Calcite,122.0,0.91,High
263,387,6,Shale,Mesozoic,Sedimentary,3,1,23.1,170,0.92,Open,Calcite,178.7,0.3,High
264,482,6,Quartzite,Paleozoic,Igneous,1,3,12.2,30,5.09,Very Tight,Iron Oxide,222.5,0.94,Moderate
265,224,56,Shale,Cenozoic,Igneous,0,4,67.3,40,0.5,Open,None,102.5,0.45,Low
266,492,16,Gneiss,Paleozoic,Metamorphic,3,4,4.8,110,1.87,Open,Iron Oxide,217.1,0.95,High
267,458,31,Sandstone,Precambrian,Metamorphic,0,3,68.4,125,6.64,Open,Iron Oxide,21.0,0.7,High
268,160,34,Sandstone,Paleozoic,Sedimentary,2,2,45.9,101,9.16,Closed,None,86.3,0.12,Moderate
269,355,23,Limestone,Paleozoic,Sedimentary,0,5,28.7,61,7.15,Very Tight,Clay,204.9,0.1,Low
270,171,46,Basalt,Mesozoic,Sedimentary,5,5,85.2,14,7.19,Closed,Clay,197.2,0.9,High
271,488,17,Limestone,Quaternary,Igneous,2,4,41.4,172,4.19,Very Tight,None,108.9,0.51,Moderate
272,113,30,Sandstone,Quaternary,Sedimentary,2,2,9.2,115,5.68,Very Tight,None,141.9,0.95,High
273,159,55,Limestone,Precambrian,Sedimentary,4,3,67.1,36,0.3,Very Tight,Iron Oxide,233.8,0.14,Low
274,6,1,Limestone,Mesozoic,Igneous,3,2,70.9,105,5.88,Open,Clay,82.7,0.38,High
275,305,51,Limestone,Cenozoic,Igneous,5,2,58.6,34,0.51,Open,Iron Oxide,132.5,0.82,Low
276,360,52,Granite,Precambrian,Metamorphic,1,3,23.4,116,9.43,Tight,None,89.2,0.68,Moderate
277,359,40,Limestone,Cenozoic,Sedimentary,4,3,13.1,108,4.94,Closed,Quartz,49.0,0.41,Low
278,414,36,Limestone,Cenozoic,Metamorphic,4,3,51.1,145,6.95,Open,None,239.4,0.02,Low
279,172,39,Quartzite,Precambrian,Sedimentary,1,3,61.9,108,6.14,Tight,Calcite,93.8,0.07,Very High
280,119,18,Quartzite,Quaternary,Sedimentary,1,2,62.7,122,1.05,Closed,Iron Oxide,144.1,0.59,Very High
281,465,39,Quartzite,Paleozoic,Sedimentary,0,5,27.2,103,1.55,Open,None,167.3,0.1,Very High
282,66,37,Gneiss,Paleozoic,Igneous,3,1,17.6,117,7.11,Tight,Calcite,160.0,0.31,Low
283,310,38,Schist,Mesozoic,Sedimentary,5,2,73.4,85,2.92,Tight,Calcite,215.1,0.52,High
284,33,36,Sandstone,Quaternary,Sedimentary,5,3,28.8,109,8.12,Very Tight,Iron Oxide,65.7,0.19,Low
285,185,1,Sandstone,Cenozoic,Igneous,4,1,53.2,161,0.2,Closed,Clay,142.8,0.13,Very High
286,254,49,Basalt,Precambrian,Sedimentary,1,3,41.4,19,6.55,Open,Iron Oxide,159.7,0.75,High
287,460,49,Gneiss,Quaternary,Sedimentary,2,5,72.8,137,6.96,Open,Iron Oxide,51.6,0.58,Low
288,463,56,Basalt,Precambrian,Metamorphic,5,1,34.1,129,4.24,Very Tight,Quartz,231.5,0.53,Moderate
289,451,41,Basalt,Cenozoic,Sedimentary,4,5,81.6,72,6.82,Closed,Calcite,14.3,0.57,Low
290,272,61,Quartzite,Quaternary,Metamorphic,0,4,31.0,18,5.27,Very Tight,Clay,79.4,0.96,Moderate
291,410,11,Granite,Paleozoic,Sedimentary,3,1,8.2,72,3.66,Very Tight,Quartz,122.4,0.84,High
292,113,30,Quartzite,Precambrian,Sedimentary,4,3,15.2,14,1.74,Very Tight,Clay,70.3,0.24,High
293,337,59,Shale,Precambrian,Sedimentary,5,2,73.1,174,5.98,Very Tight,Calcite,60.4,0.07,High
294,85,33,Phyllite,Cenozoic,Sedimentary,0,3,82.4,127,9.39,Open,Quartz,205.5,0.5,Very High
295,446,57,Limestone,Cenozoic,Sedimentary,5,3,42.8,150,7.21,Closed,Clay,210.7,0.21,High
296,273,23,Basalt,Mesozoic,Igneous,2,3,13.7,14,6.15,Closed,Iron Oxide,108.8,0.82,Moderate
297,281,58,Schist,Cenozoic,Sedimentary,3,5,16.0,136,0.2,Open,Clay,155.2,0.37,Moderate
298,291,54,Granite,Mesozoic,Metamorphic,1,5,38.8,104,9.78,Closed,Clay,159.3,0.05,Moderate
299,38,62,Granite,Cenozoic,Sedimentary,4,5,65.2,36,1.0,Tight,Calcite,27.0,0.18,Low
300,229,62,Quartzite,Precambrian,Sedimentary,5,2,49.8,68,7.55,Closed,Calcite,112.3,0.75,Moderate
301,305,51,Phyllite,Quaternary,Sedimentary,3,1,20.5,100,1.53,Closed,Clay,157.0,0.56,Moderate
302,154,46,Granite,Precambrian,Sedimentary,2,3,55.0,154,0.29,Open,None,86.5,0.01,Moderate
303,302,59,Granite,Precambrian,Igneous,4,2,24.2,71,7.69,Closed,Iron Oxide,209.4,0.24,High
304,497,32,Schist,Paleozoic,Igneous,3,3,63.9,177,8.08,Tight,Clay,169.1,0.96,Very High
305,474,23,Basalt,Quaternary,Metamorphic,2,2,16.9,72,9.61,Open,Calcite,51.8,0.42,Very High
306,234,19,Phyllite,Mesozoic,Metamorphic,2,4,80.9,154,7.43,Very Tight,Clay,126.0,0.62,Moderate
307,434,13,Gneiss,Paleozoic,Sedimentary,0,3,81.0,43,9.0,Very Tight,Iron Oxide,112.5,0.14,High
308,8,39,Gneiss,Quaternary,Igneous,1,1,24.4,163,1.16,Tight,Quartz,58.6,0.39,Moderate
309,20,55,Basalt,Paleozoic,Sedimentary,3,1,50.9,69,8.97,Closed,Clay,31.4,0.65,High
310,418,51,Limestone,Precambrian,Metamorphic,4,3,22.8,144,3.37,Very Tight,Calcite,155.6,0.21,Moderate
311,22,26,Shale,Quaternary,Igneous,1,4,23.6,99,2.91,Closed,Iron Oxide,49.9,0.59,Very High
312,314,31,Sandstone,Paleozoic,Sedimentary,3,1,10.6,76,4.43,Very Tight,Calcite,28.0,0.93,High
313,313,39,Phyllite,Quaternary,Igneous,5,3,59.8,23,2.35,Tight,Iron Oxide,208.9,0.7,Low
314,434,13,Gneiss,Precambrian,Metamorphic,5,1,60.9,158,8.71,Closed,Clay,120.6,0.56,Low
315,2,16,Limestone,Quaternary,Igneous,2,5,55.7,178,1.34,Tight,Quartz,154.1,0.36,Very High
316,147,29,Granite,Paleozoic,Igneous,2,4,23.9,83,8.46,Very Tight,Quartz,74.8,0.92,Moderate
317,241,16,Basalt,Paleozoic,Metamorphic,1,5,64.1,66,3.69,Tight,Clay,191.2,0.44,High
318,119,18,Shale,Quaternary,Sedimentary,1,5,77.2,53,5.47,Very Tight,Calcite,77.0,0.09,Moderate
319,160,34,Quartzite,Precambrian,Metamorphic,4,4,10.6,137,1.88,Tight,Iron Oxide,99.4,0.17,Moderate
320,204,25,Sandstone,Cenozoic,Sedimentary,1,3,50.0,132,6.37,Closed,None,205.8,0.41,Moderate
321,336,47,Quartzite,Mesozoic,Igneous,5,1,44.4,55,2.08,Tight,Iron Oxide,158.9,0.55,Moderate
322,341,45,Basalt,Cenozoic,Metamorphic,2,1,52.8,108,2.52,Open,Quartz,114.9,0.51,Low
323,166,39,Limestone,Paleozoic,Metamorphic,2,2,61.9,35,8.09,Very Tight,Quartz,242.3,0.79,Low
324,118,39,Phyllite,Mesozoic,Igneous,5,5,32.4,94,7.62,Closed,Clay,24.9,0.54,Moderate
325,138,54,Limestone,Precambrian,Metamorphic,5,4,56.8,173,3.54,Very Tight,Clay,117.7,0.3,Very High
326,77,47,Limestone,Cenozoic,Igneous,4,5,39.7,57,2.94,Very Tight,Clay,180.6,0.08,High
327,341,45,Quartzite,Cenozoic,Sedimentary,2,5,2.4,61,6.74,Tight,Iron Oxide,173.4,0.77,Very High
328,32,43,Limestone,Paleozoic,Metamorphic,4,2,15.5,60,7.4,Closed,Iron Oxide,33.4,0.6,High
329,447,12,Limestone,Quaternary,Metamorphic,3,3,27.2,124,2.04,Open,Quartz,12.6,0.38,Low
330,331,24,Quartzite,Cenozoic,Igneous,1,2,87.2,102,0.25,Closed,Clay,125.9,0.39,Moderate
331,287,12,Gneiss,Quaternary,Igneous,1,4,42.4,176,9.95,Closed,None,137.9,0.86,Low
332,196,48,Basalt,Quaternary,Igneous,3,3,21.7,111,1.92,Closed,Clay,85.1,0.73,High
333,474,23,Limestone,Paleozoic,Metamorphic,2,3,28.6,41,1.73,Open,Calcite,147.6,0.04,High
334,454,19,Granite,Quaternary,Igneous,0,5,3.7,85,4.09,Open,Quartz,32.6,0.74,Low
335,75,15,Limestone,Precambrian,Metamorphic,0,2,61.3,25,7.38,Open,None,81.6,0.78,High
336,168,14,Basalt,Mesozoic,Igneous,0,1,84.7,108,4.5,Closed,Calcite,133.8,0.7,High
337,385,6,Quartzite,Paleozoic,Sedimentary,2,5,40.1,123,1.91,Tight,None,176.1,0.45,Moderate
338,108,42,Phyllite,Quaternary,Sedimentary,0,4,64.7,89,6.77,Closed,Calcite,101.0,0.48,Moderate
339,108,42,Sandstone,Paleozoic,Igneous,0,4,26.4,64,2.33,Tight,Calcite,245.7,0.27,Low
340,325,10,Basalt,Precambrian,Sedimentary,5,2,17.6,53,9.79,Tight,Clay,169.4,0.47,Very High
341,319,12,Gneiss,Quaternary,Metamorphic,3,5,32.4,118,5.78,Closed,None,141.9,0.38,Low
342,274,38,Sandstone,Mesozoic,Igneous,2,5,16.3,35,4.93,Closed,Iron Oxide,49.5,0.21,Very High
343,217,47,Basalt,Mesozoic,Sedimentary,4,2,70.9,79,6.07,Open,Iron Oxide,117.3,0.21,High
344,36,33,Phyllite,Quaternary,Igneous,1,1,45.9,122,8.34,Very Tight,None,45.8,0.89,Moderate
345,376,55,Sandstone,Quaternary,Sedimentary,2,2,81.3,114,7.55,Tight,Calcite,96.7,0.38,Moderate
346,203,36,Phyllite,Precambrian,Sedimentary,1,1,74.2,123,7.09,Very Tight,Clay,249.0,0.43,High
347,455,18,Basalt,Mesozoic,Sedimentary,1,4,26.5,33,9.38,Closed,None,40.9,0.34,High
348,474,23,Schist,Paleozoic,Igneous,2,1,45.2,44,1.58,Tight,Calcite,249.6,0.98,Low
349,294,22,Limestone,Precambrian,Metamorphic,3,2,70.4,98,6.2,Very Tight,None,19.4,0.15,Moderate
350,24,8,Granite,Paleozoic,Metamorphic,5,5,4.8,159,8.46,Tight,None,135.1,0.46,Very High
351,363,8,Phyllite,Paleozoic,Sedimentary,5,1,80.0,166,7.6,Very Tight,None,119.5,0.56,Low
352,390,28,Basalt,Paleozoic,Sedimentary,1,1,42.5,11,1.92,Very Tight,Quartz,193.8,0.98,Low
353,402,22,Schist,Paleozoic,Metamorphic,5,5,71.5,132,7.04,Open,None,155.3,0.19,Very High
354,55,41,Limestone,Paleozoic,Igneous,5,5,60.0,86,9.62,Closed,None,48.3,0.09,Moderate
355,45,11,Sandstone,Mesozoic,Metamorphic,0,4,7.6,170,2.01,Closed,Iron Oxide,131.4,0.94,Very High
356,258,27,Shale,Cenozoic,Sedimentary,2,2,55.8,168,5.12,Very Tight,Calcite,132.9,0.5,Moderate
357,318,57,Gneiss,Cenozoic,Metamorphic,2,3,73.1,112,7.06,Tight,Iron Oxide,51.9,0.2,Very High
358,149,8,Gneiss,Quaternary,Igneous,1,1,57.4,83,9.42,Tight,Iron Oxide,32.6,0.87,Low
359,357,2,Basalt,Mesozoic,Sedimentary,1,1,67.3,78,9.6,Tight,None,180.9,0.68,Low
360,135,22,Shale,Mesozoic,Igneous,5,4,51.6,134,1.44,Tight,Clay,53.1,0.92,Very High
361,274,38,Limestone,Precambrian,Igneous,2,2,3.9,120,4.3,Tight,Iron Oxide,105.7,0.18,Very High
362,139,3,Sandstone,Quaternary,Igneous,4,2,5.5,150,2.81,Open,None,136.7,0.24,Very High
363,68,40,Shale,Paleozoic,Sedimentary,0,4,73.8,130,5.2,Open,Clay,82.5,0.81,Low
364,119,18,Granite,Quaternary,Metamorphic,1,5,57.0,1,7.88,Very Tight,None,205.0,0.09,High
365,285,41,Phyllite,Mesozoic,Metamorphic,4,2,3.1,166,6.22,Tight,Clay,199.0,0.17,Moderate
366,65,27,Shale,Precambrian,Igneous,4,4,25.9,17,7.23,Tight,Iron Oxide,93.9,0.76,Low
367,58,19,Basalt,Cenozoic,Sedimentary,5,5,87.5,44,8.13,Closed,Iron Oxide,17.1,0.91,Very High
368,278,33,Basalt,Cenozoic,Igneous,4,5,38.3,40,0.13,Very Tight,Calcite,42.6,0.67,Moderate
369,434,13,Gneiss,Paleozoic,Sedimentary,4,1,55.5,168,6.47,Tight,Calcite,28.7,0.84,Low
370,230,59,Basalt,Precambrian,Metamorphic,5,4,59.0,74,0.96,Very Tight,Quartz,228.7,0.39,Very High
371,271,46,Shale,Paleozoic,Sedimentary,2,2,20.8,4,0.32,Tight,Iron Oxide,101.5,0.4,Very High
372,172,39,Granite,Paleozoic,Sedimentary,5,4,16.3,128,1.15,Tight,Quartz,61.7,0.25,Low
373,200,32,Basalt,Mesozoic,Sedimentary,4,1,28.2,121,3.78,Closed,Calcite,20.1,0.79,Moderate
374,426,27,Shale,Cenozoic,Igneous,5,1,75.8,139,2.48,Closed,Iron Oxide,173.2,0.15,Low
375,267,8,Quartzite,Cenozoic,Sedimentary,2,2,52.6,145,8.38,Open,Iron Oxide,37.6,0.12,Low
376,372,26,Phyllite,Quaternary,Metamorphic,1,1,36.9,41,1.37,Tight,Calcite,208.0,0.75,Very High
377,133,25,Quartzite,Mesozoic,Igneous,5,5,64.9,90,9.07,Closed,Clay,97.7,0.26,Very High
378,158,29,Schist,Quaternary,Sedimentary,2,4,76.7,9,6.18,Open,Iron Oxide,182.7,0.6,Very High
379,475,57,Phyllite,Quaternary,Sedimentary,1,4,62.2,88,7.48,Open,Clay,14.2,0.96,Very High
380,437,26,Basalt,Quaternary,Sedimentary,0,3,38.7,89,6.5,Tight,None,120.6,0.32,Moderate
381,288,37,Quartzite,Paleozoic,Igneous,0,5,29.0,118,4.92,Open,Iron Oxide,233.2,0.85,High
382,330,35,Quartzite,Cenozoic,Igneous,2,1,25.0,112,9.17,Tight,Quartz,44.2,0.48,Very High
383,349,15,Schist,Paleozoic,Metamorphic,0,4,87.2,98,1.31,Closed,Quartz,49.7,0.94,Very High
384,330,35,Schist,Precambrian,Sedimentary,0,4,6.2,89,3.39,Very Tight,Quartz,204.2,0.81,Moderate
385,72,18,Basalt,Cenozoic,Sedimentary,1,3,37.4,175,7.75,Closed,Clay,14.0,0.83,Low
386,43,55,Granite,Precambrian,Igneous,4,1,34.0,135,5.27,Open,Calcite,82.0,0.86,Moderate
387,337,59,Sandstone,Paleozoic,Metamorphic,3,2,89.4,94,0.5,Open,Quartz,192.1,0.28,Moderate
388,359,40,Quartzite,Mesozoic,Igneous,2,1,67.4,61,5.06,Closed,None,216.7,0.16,Moderate
389,381,58,Sandstone,Mesozoic,Igneous,0,2,74.0,172,6.45,Tight,None,70.5,0.54,High
390,243,37,Phyllite,Paleozoic,Sedimentary,0,5,3.0,94,3.34,Tight,Iron Oxide,224.7,1.0,Very High
391,324,43,Phyllite,Paleozoic,Sedimentary,1,2,30.8,42,1.41,Closed,Quartz,88.0,0.43,Low
392,435,55,Granite,Precambrian,Igneous,4,5,81.7,35,1.75,Open,Clay,77.9,0.94,Low
393,425,4,Quartzite,Quaternary,Metamorphic,1,5,30.9,16,8.66,Tight,Quartz,114.3,0.4,Moderate
394,272,61,Granite,Precambrian,Metamorphic,4,1,39.5,153,0.45,Very Tight,None,216.8,0.53,Moderate
395,500,17,Phyllite,Cenozoic,Metamorphic,1,3,0.8,123,6.29,Tight,Quartz,148.6,0.86,Moderate
396,276,62,Granite,Precambrian,Igneous,5,4,43.0,59,1.51,Very Tight,Iron Oxide,41.1,0.04,Moderate
397,139,3,Phyllite,Quaternary,Metamorphic,4,1,81.3,143,4.62,Open,None,190.8,0.37,Moderate
398,216,25,Quartzite,Precambrian,Igneous,1,1,59.5,21,8.0,Very Tight,Calcite,68.0,0.34,High
399,354,36,Gneiss,Paleozoic,Sedimentary,4,2,69.2,10,1.74,Open,Iron Oxide,246.6,0.97,Very High
400,326,3,Phyllite,Cenozoic,Sedimentary,0,3,6.1,171,0.14,Very Tight,Quartz,15.5,0.2,High
401,250,11,Granite,Quaternary,Metamorphic,3,5,73.1,56,2.64,Closed,Iron Oxide,151.5,0.97,Very High
402,326,3,Sandstone,Precambrian,Igneous,2,3,33.1,133,8.64,Tight,None,30.9,0.5,Very High
403,220,47,Sandstone,Cenozoic,Igneous,3,4,17.5,156,0.11,Very Tight,None,238.1,0.61,Low
404,85,33,Basalt,Quaternary,Igneous,0,5,5.7,81,6.15,Very Tight,Clay,183.9,0.47,Moderate
405,144,5,Phyllite,Quaternary,Igneous,5,3,45.4,180,3.15,Very Tight,Calcite,170.7,0.9,Very High
406,176,21,Schist,Paleozoic,Igneous,5,1,49.9,21,4.61,Very Tight,Calcite,154.7,0.56,Moderate
407,201,13,Sandstone,Quaternary,Metamorphic,1,4,25.1,132,0.93,Closed,Iron Oxide,49.8,0.65,Low
408,156,3,Shale,Cenozoic,Igneous,5,5,21.4,166,9.2,Tight,Calcite,150.7,0.65,Low
409,312,23,Limestone,Paleozoic,Igneous,4,5,72.4,22,9.25,Open,None,92.2,0.01,Very High
410,431,6,Schist,Quaternary,Metamorphic,2,1,44.0,137,0.94,Closed,None,18.0,0.77,Very High
411,407,21,Gneiss,Precambrian,Sedimentary,4,1,61.7,154,2.4,Closed,Calcite,129.9,0.08,Moderate
412,71,21,Phyllite,Paleozoic,Metamorphic,2,5,53.9,29,6.56,Very Tight,None,67.5,0.2,Moderate
413,297,55,Sandstone,Mesozoic,Metamorphic,4,2,23.0,0,9.31,Tight,Quartz,151.2,0.84,High
414,107,47,Quartzite,Mesozoic,Sedimentary,0,4,86.6,113,2.5,Open,Quartz,232.6,0.34,Moderate
415,322,11,Basalt,Quaternary,Metamorphic,3,4,63.7,10,7.17,Open,Quartz,151.3,0.94,Low
416,151,43,Schist,Mesozoic,Metamorphic,5,1,26.5,94,8.21,Closed,Calcite,220.3,0.11,Low
417,450,35,Granite,Quaternary,Sedimentary,3,1,86.4,105,2.34,Tight,None,147.6,0.75,Moderate
418,358,52,Shale,Precambrian,Sedimentary,5,4,29.6,159,8.36,Closed,Iron Oxide,243.3,0.46,High
419,44,60,Quartzite,Paleozoic,Metamorphic,1,4,88.8,53,4.51,Very Tight,Calcite,182.2,0.58,Very High
420,359,40,Shale,Mesozoic,Sedimentary,3,3,1.7,121,3.9,Open,Calcite,236.2,0.59,Very High
421,445,22,Schist,Cenozoic,Metamorphic,3,3,64.9,68,2.15,Tight,None,98.5,0.09,Very High
422,245,60,Quartzite,Precambrian,Igneous,0,3,83.3,176,1.24,Very Tight,Quartz,43.5,0.18,Low
423,371,53,Schist,Paleozoic,Metamorphic,5,2,15.0,128,8.42,Very Tight,Clay,42.0,0.11,Very High
424,311,5,Quartzite,Paleozoic,Igneous,2,5,12.6,166,3.81,Open,Quartz,234.0,0.95,Very High
425,473,11,Granite,Quaternary,Sedimentary,1,3,89.7,55,5.54,Tight,None,162.8,0.88,Low
426,341,45,Granite,Precambrian,Sedimentary,2,3,14.1,144,5.41,Closed,Quartz,69.8,0.71,Moderate
427,261,20,Shale,Paleozoic,Metamorphic,4,2,15.6,90,2.36,Open,None,43.4,0.55,High
428,227,37,Limestone,Mesozoic,Metamorphic,3,3,21.7,45,5.19,Closed,None,155.6,0.44,High
429,352,17,Quartzite,Mesozoic,Igneous,4,1,57.3,139,3.79,Very Tight,Calcite,204.7,0.39,Low
430,208,34,Basalt,Mesozoic,Sedimentary,3,2,72.9,134,1.98,Very Tight,Iron Oxide,177.8,0.82,Moderate
431,326,3,Basalt,Mesozoic,Sedimentary,2,1,89.6,9,9.91,Open,None,22.7,0.34,High
432,10,27,Basalt,Cenozoic,Metamorphic,3,1,51.7,57,8.56,Open,Iron Oxide,82.4,0.19,Moderate
433,223,44,Quartzite,Cenozoic,Metamorphic,1,4,8.6,7,0.67,Tight,Clay,109.1,0.58,Low
434,233,20,Gneiss,Mesozoic,Igneous,0,2,20.1,81,0.56,Tight,Calcite,235.9,0.84,High
435,439,51,Limestone,Paleozoic,Igneous,1,3,56.7,70,2.45,Very Tight,Clay,164.9,0.16,High
436,360,52,Schist,Precambrian,Igneous,5,3,84.3,22,9.82,Very Tight,Quartz,37.5,0.78,Very High
437,424,17,Schist,Precambrian,Igneous,4,1,41.5,70,7.81,Tight,Clay,71.7,0.2,Very High
438,216,25,Shale,Cenozoic,Metamorphic,5,5,24.6,96,5.09,Very Tight,None,172.0,0.4,Very High
439,231,52,Phyllite,Paleozoic,Metamorphic,5,3,66.2,97,5.24,Open,Quartz,84.6,0.53,Very High
440,159,55,Basalt,Precambrian,Metamorphic,5,5,82.9,180,3.79,Tight,Iron Oxide,221.9,0.45,Low
441,253,56,Quartzite,Paleozoic,Metamorphic,3,1,29.5,77,1.21,Open,Quartz,17.3,0.5,Moderate
442,20,55,Gneiss,Precambrian,Sedimentary,2,2,18.1,61,7.26,Very Tight,None,22.0,0.18,Low
443,359,40,Limestone,Quaternary,Igneous,1,5,56.2,14,7.42,Open,Quartz,195.6,0.79,Very High
444,124,27,Shale,Paleozoic,Metamorphic,1,3,89.3,171,7.55,Closed,None,221.0,0.77,Moderate
445,450,35,Gneiss,Cenozoic,Sedimentary,2,3,88.6,90,7.24,Open,Calcite,57.9,0.98,Very High
446,85,33,Limestone,Paleozoic,Igneous,3,5,76.5,60,2.23,Tight,Clay,22.1,0.82,High
447,257,50,Gneiss,Quaternary,Igneous,5,4,24.8,122,5.73,Very Tight,Iron Oxide,22.0,0.39,Low
448,375,28,Limestone,Cenozoic,Igneous,2,2,23.6,117,5.71,Very Tight,Calcite,143.6,0.88,Low
449,320,23,Granite,Mesozoic,Igneous,0,1,41.6,97,8.46,Very Tight,Calcite,154.4,0.32,Low
450,494,56,Sandstone,Mesozoic,Metamorphic,0,5,35.6,127,4.83,Closed,None,240.3,0.4,Low
451,84,9,Quartzite,Cenozoic,Sedimentary,1,1,24.4,35,3.8,Open,Calcite,35.5,0.04,Moderate
452,70,32,Phyllite,Precambrian,Metamorphic,1,5,84.1,38,1.83,Very Tight,Iron Oxide,243.6,0.04,High
453,40,32,Sandstone,Paleozoic,Igneous,5,4,47.9,140,0.32,Tight,Quartz,226.9,0.58,High
454,52,54,Basalt,Precambrian,Igneous,5,1,41.5,90,7.77,Very Tight,Iron Oxide,228.0,0.59,High
455,36,33,Gneiss,Mesozoic,Metamorphic,2,1,77.0,118,7.49,Open,None,179.7,0.51,Very High
456,312,23,Gneiss,Mesozoic,Sedimentary,2,4,7.3,107,8.99,Tight,Quartz,245.6,0.26,Very High
457,464,31,Basalt,Quaternary,Igneous,2,1,7.7,49,7.93,Open,None,198.9,0.12,High
458,351,12,Granite,Cenozoic,Igneous,5,1,14.7,155,6.9,Tight,Iron Oxide,106.6,0.84,Moderate
459,77,47,Basalt,Precambrian,Metamorphic,2,4,8.6,114,1.07,Open,Clay,82.0,0.26,Moderate
460,155,34,Phyllite,Cenozoic,Sedimentary,1,5,59.6,93,5.35,Open,Clay,88.5,0.12,High
461,295,50,Basalt,Paleozoic,Igneous,3,5,2.3,164,9.11,Closed,None,85.9,0.74,Very High
462,435,55,Quartzite,Quaternary,Sedimentary,5,3,54.2,179,2.04,Tight,None,65.1,0.25,Low
463,441,56,Limestone,Quaternary,Sedimentary,2,5,83.0,121,4.05,Very Tight,Clay,206.1,0.63,Moderate
464,339,14,Gneiss,Cenozoic,Sedimentary,3,2,54.7,117,6.21,Tight,Quartz,127.8,0.61,Low
465,498,11,Basalt,Paleozoic,Metamorphic,2,2,28.3,143,3.19,Closed,Clay,219.9,0.16,Moderate
466,57,1,Limestone,Mesozoic,Sedimentary,4,2,12.0,128,6.69,Open,Clay,115.1,0.47,Very High
467,56,45,Limestone,Mesozoic,Metamorphic,3,5,0.7,64,4.01,Very Tight,Calcite,60.9,0.32,Very High
468,349,15,Granite,Precambrian,Sedimentary,3,4,77.1,39,9.31,Closed,Quartz,95.3,0.03,High
469,180,62,Shale,Quaternary,Metamorphic,2,3,13.3,102,4.09,Very Tight,Clay,201.3,0.24,Low
470,233,20,Shale,Quaternary,Igneous,5,2,34.8,27,6.33,Tight,None,220.9,0.26,Very High
471,472,50,Sandstone,Paleozoic,Sedimentary,0,5,72.5,51,4.16,Very Tight,None,61.3,0.17,Low
472,94,33,Quartzite,Paleozoic,Sedimentary,4,3,33.1,138,0.57,Closed,Iron Oxide,78.7,0.61,Moderate
473,137,29,Limestone,Cenozoic,Sedimentary,5,1,5.7,37,5.79,Tight,None,235.7,0.22,Low
474,393,48,Granite,Mesozoic,Metamorphic,4,3,69.4,106,2.01,Closed,Quartz,188.2,0.19,Very High
475,225,42,Quartzite,Paleozoic,Sedimentary,3,1,23.7,124,5.77,Closed,Quartz,69.1,0.23,Low
476,183,43,Sandstone,Paleozoic,Metamorphic,3,5,46.7,132,3.16,Tight,Clay,157.8,0.37,Low
477,223,44,Sandstone,Quaternary,Igneous,2,4,1.9,148,6.12,Closed,None,226.8,0.47,Moderate
478,430,62,Limestone,Cenozoic,Igneous,5,4,19.4,75,3.83,Tight,None,207.4,0.49,High
479,66,37,Quartzite,Quaternary,Sedimentary,5,5,68.4,26,3.24,Very Tight,Calcite,244.0,0.88,High
480,252,46,Phyllite,Paleozoic,Metamorphic,2,4,73.0,172,8.21,Tight,Clay,13.7,0.08,Very High
481,143,27,Limestone,Cenozoic,Sedimentary,5,3,7.3,11,1.98,Very Tight,Iron Oxide,93.6,0.06,Low
482,224,56,Schist,Paleozoic,Igneous,3,2,83.7,57,1.53,Very Tight,Clay,108.5,0.25,High
483,486,25,Shale,Precambrian,Sedimentary,0,5,89.4,137,8.4,Very Tight,Quartz,217.2,0.76,Moderate
484,262,52,Granite,Paleozoic,Igneous,1,2,37.6,100,3.89,Tight,Clay,194.9,0.1,High
485,394,62,Sandstone,Cenozoic,Sedimentary,2,5,18.3,17,5.46,Very Tight,None,27.1,0.26,Very High
486,78,21,Limestone,Paleozoic,Sedimentary,2,2,29.4,67,2.2,Open,Quartz,32.2,0.26,High
487,55,41,Limestone,Precambrian,Sedimentary,1,3,56.0,49,5.08,Closed,Quartz,230.5,0.88,Very High
488,379,43,Shale,Quaternary,Sedimentary,4,5,35.8,129,5.6,Very Tight,Calcite,108.3,0.62,Very High
489,435,55,Phyllite,Cenozoic,Igneous,5,5,40.8,59,2.88,Very Tight,Iron Oxide,248.6,0.18,Very High
490,19,30,Schist,Quaternary,Igneous,5,5,10.1,42,3.86,Very Tight,Iron Oxide,190.4,0.44,Moderate
491,174,33,Schist,Paleozoic,Metamorphic,2,5,79.2,33,0.33,Open,None,199.3,0.95,Low
492,201,13,Sandstone,Cenozoic,Metamorphic,2,5,10.2,44,1.03,Tight,Calcite,157.9,0.39,High
493,496,32,Quartzite,Cenozoic,Metamorphic,3,3,17.3,180,2.27,Open,Calcite,68.7,0.36,Moderate
494,254,49,Schist,Mesozoic,Igneous,4,5,88.5,135,3.09,Very Tight,Calcite,130.2,0.55,High
495,237,13,Gneiss,Paleozoic,Metamorphic,3,5,40.4,108,7.64,Open,Iron Oxide,174.5,0.21,Low
496,288,37,Quartzite,Mesozoic,Igneous,5,5,86.1,24,6.87,Tight,Quartz,225.8,0.12,Moderate
497,401,51,Basalt,Mesozoic,Sedimentary,5,4,47.2,118,0.54,Very Tight,None,147.9,0.63,Moderate
498,179,11,Granite,Quaternary,Metamorphic,3,1,87.9,29,7.7,Tight,Calcite,97.4,0.86,Very High
499,397,54,Basalt,Precambrian,Sedimentary,0,3,24.2,117,5.93,Very Tight,Iron Oxide,184.1,0.07,Very High
500,181,10,Gneiss,Mesozoic,Igneous,3,3,74.0,71,1.06,Very Tight,Calcite,159.0,0.21,Very High
