record_id,district_id,state_id,year,total_population,population_density_per_sqkm,landslide_exposed_population,high_risk_zone_population,urbanization_pct,literacy_rate_pct,access_to_roads_pct
1,1,1,2018,338389,126.8,20197,27682,27.5,51.2,74.2
2,1,1,2019,344164,128.9,28603,22790,42.2,41.5,43.1
3,1,1,2020,345337,129.4,20744,21843,19.9,72.5,62.7
4,1,1,2021,337190,126.3,53322,29894,86.9,77.9,39.6
5,1,1,2022,347831,130.3,53812,8572,21.5,78.2,36.1
6,1,1,2023,347274,130.1,64415,31242,34.4,53.2,32.6
7,1,1,2024,355757,133.3,34148,35444,92.2,43.9,47.6
8,2,1,2018,157473,21.2,36887,15692,36.2,49.6,34.2
9,2,1,2019,160063,21.6,33334,6341,98.5,82.8,82.0
10,2,1,2020,159116,21.4,22812,12006,83.4,48.1,51.3
11,2,1,2021,165547,22.3,12956,11635,63.5,66.7,44.7
12,2,1,2022,162889,21.9,16989,12113,68.8,51.0,49.5
13,2,1,2023,174488,23.5,12389,5496,82.2,80.3,54.1
14,2,1,2024,150652,20.3,37453,10798,87.6,55.7,69.3
15,3,1,2018,141161,34.1,28122,8928,14.3,47.0,74.7
16,3,1,2019,142792,34.5,31617,11004,42.8,69.2,51.7
17,3,1,2020,149726,36.2,12018,9845,49.4,77.8,81.7
18,3,1,2021,139521,33.7,12218,12544,42.2,43.2,52.9
19,3,1,2022,158782,38.4,25277,5706,97.1,83.0,30.7
20,3,1,2023,154960,37.5,30086,10346,75.1,78.4,50.4
21,3,1,2024,142641,34.5,12314,8859,0.3,76.1,73.2
22,4,1,2018,148246,51.6,32379,4409,50.8,45.3,67.5
23,4,1,2019,151754,52.8,24222,11494,19.9,58.7,39.7
24,4,1,2020,156706,54.5,38061,10256,91.8,69.9,59.3
25,4,1,2021,145802,50.7,19184,6496,23.9,52.0,64.0
26,4,1,2022,144225,50.2,31194,9404,81.6,88.9,62.0
27,4,1,2023,144598,50.3,28847,9232,94.7,48.3,61.7
28,4,1,2024,161394,56.1,39669,5083,92.9,77.8,71.4
29,5,1,2018,77824,7.1,10428,6280,65.0,61.9,61.1
30,5,1,2019,77422,7.0,7552,1298,33.8,69.4,43.8
31,5,1,2020,77638,7.0,5044,6574,63.1,51.4,84.3
32,5,1,2021,83657,7.6,6503,5047,23.8,73.4,42.9
33,5,1,2022,76368,6.9,18274,5440,57.6,52.1,58.4
34,5,1,2023,80299,7.3,5559,1596,65.9,57.7,54.7
35,5,1,2024,90016,8.2,6275,6416,65.3,72.3,33.6
36,6,1,2018,785392,94.3,67913,40444,19.2,66.8,38.4
37,6,1,2019,783302,94.1,160440,40575,87.4,43.8,78.5
38,6,1,2020,823927,99.0,66862,14869,65.2,67.0,30.9
39,6,1,2021,770712,92.6,100500,29505,40.6,64.1,81.9
40,6,1,2022,870645,104.6,86690,58378,0.2,59.5,85.6
41,6,1,2023,873125,104.9,118432,64175,69.7,76.5,77.0
42,6,1,2024,866295,104.1,170891,28951,19.0,50.9,33.5
43,7,1,2018,667889,166.8,49373,55697,31.4,42.5,58.6
44,7,1,2019,685772,171.2,75558,10584,96.1,44.0,41.1
45,7,1,2020,686451,171.4,95979,33325,12.0,84.5,44.8
46,7,1,2021,695883,173.8,56285,34432,65.7,68.3,49.0
47,7,1,2022,669040,167.1,115813,22332,26.6,46.5,68.7
48,7,1,2023,696032,173.8,53817,7570,45.8,89.9,89.8
49,7,1,2024,640054,159.8,59940,39553,26.5,86.7,82.9
50,8,1,2018,217414,23.8,35087,11512,15.8,81.7,72.2
51,8,1,2019,220559,24.2,53885,19537,0.8,80.9,48.0
52,8,1,2020,224663,24.6,20033,10912,11.5,45.4,63.2
53,8,1,2021,217997,23.9,50537,9080,71.8,50.2,68.1
54,8,1,2022,217900,23.9,42911,10407,90.5,82.3,35.5
55,8,1,2023,225067,24.7,29385,3694,0.4,78.6,68.2
56,8,1,2024,218038,23.9,39857,20257,70.6,68.0,36.7
57,9,1,2018,213032,18.7,20419,20007,3.6,58.5,63.2
58,9,1,2019,214564,18.8,13469,12246,36.5,86.7,88.3
59,9,1,2020,209466,18.4,33922,8977,68.2,73.3,51.2
60,9,1,2021,221052,19.4,37684,7274,92.6,51.8,39.8
61,9,1,2022,232402,20.4,23223,15834,2.5,76.8,49.9
62,9,1,2023,243662,21.4,56086,10567,26.7,79.4,36.5
63,9,1,2024,246887,21.7,43191,9756,20.0,85.9,51.0
64,10,1,2018,157175,33.7,36409,5299,22.3,73.0,53.9
65,10,1,2019,157354,33.8,10141,14243,27.9,72.1,54.0
66,10,1,2020,166502,35.7,30027,2117,11.5,88.5,40.7
67,10,1,2021,171000,36.7,25947,2336,10.8,61.7,73.7
68,10,1,2022,158782,34.1,27803,9966,11.6,85.0,41.4
69,10,1,2023,150816,32.4,21828,1535,52.0,80.3,71.2
70,10,1,2024,185077,39.7,22165,13784,43.1,87.4,85.2
71,11,1,2018,410663,173.9,36867,23787,50.7,73.3,49.6
72,11,1,2019,418009,177.0,93567,12521,19.2,73.2,52.7
73,11,1,2020,427191,180.9,44169,41567,30.1,67.4,30.0
74,11,1,2021,412484,174.6,76970,25242,46.5,62.1,42.8
75,11,1,2022,425525,180.2,43517,9812,28.4,73.2,67.2
76,11,1,2023,397960,168.5,50682,24322,22.5,50.0,31.5
77,11,1,2024,410154,173.6,82784,8873,45.5,84.3,64.5
78,12,1,2018,531741,430.9,76915,37716,40.0,47.4,71.3
79,12,1,2019,545410,442.0,128201,12439,77.8,50.9,78.2
80,12,1,2020,550878,446.4,88432,8799,55.7,85.9,37.3
81,12,1,2021,524331,424.9,87117,48993,53.1,67.9,49.0
82,12,1,2022,576047,466.8,86810,45910,81.5,84.6,55.6
83,12,1,2023,605364,490.6,88714,16483,74.4,63.7,45.6
84,12,1,2024,531388,430.6,110148,23486,76.6,66.1,67.6
85,13,2,2018,446922,292.5,32501,23194,23.4,56.8,83.6
86,13,2,2019,443893,290.5,41963,19593,38.3,47.6,42.8
87,13,2,2020,452836,296.4,66010,40088,46.6,43.1,80.0
88,13,2,2021,454444,297.4,99278,5824,85.7,78.3,52.8
89,13,2,2022,429720,281.2,67591,23866,75.3,82.7,87.2
90,13,2,2023,462235,302.5,94693,44156,89.8,64.4,46.4
91,13,2,2024,472800,309.4,74608,26756,66.9,79.9,73.5
92,14,2,2018,709176,3110.4,68914,47871,53.4,85.3,65.5
93,14,2,2019,720891,3161.8,58050,49331,42.9,83.3,40.9
94,14,2,2020,709752,3112.9,121300,20968,45.5,56.9,82.8
95,14,2,2021,711583,3121.0,146089,23647,83.5,63.5,74.9
96,14,2,2022,686984,3013.1,126089,21563,65.0,79.1,69.1
97,14,2,2023,783637,3437.0,104004,33966,83.9,71.1,44.3
98,14,2,2024,748087,3281.1,67390,36049,46.5,52.8,52.1
99,15,2,2018,655397,447.7,62793,57526,81.9,88.2,36.5
100,15,2,2019,649516,443.7,73363,44230,67.7,87.9,53.8
101,15,2,2020,680005,464.5,53922,45603,69.1,71.4,36.1
102,15,2,2021,697353,476.3,66600,59154,98.4,79.1,50.8
103,15,2,2022,674303,460.6,130857,11262,50.6,57.1,81.0
104,15,2,2023,733932,501.3,64362,64161,96.1,71.8,79.7
105,15,2,2024,730700,499.1,150695,30393,73.4,88.3,46.2
106,16,2,2018,743384,139.6,178247,70805,46.5,81.3,65.5
107,16,2,2019,745534,140.0,101631,18814,27.9,62.5,75.0
108,16,2,2020,762527,143.2,137475,51717,2.9,82.5,40.9
109,16,2,2021,740009,139.0,104725,52008,28.0,69.8,82.8
110,16,2,2022,780428,146.6,174451,32846,8.6,76.0,59.3
111,16,2,2023,822070,154.4,165907,72552,44.8,40.9,47.7
112,16,2,2024,771359,144.9,102347,47848,66.4,58.5,63.2
113,17,2,2018,133667,34.9,31125,10353,33.1,75.1,46.3
114,17,2,2019,133674,34.9,10636,13153,19.3,46.0,62.2
115,17,2,2020,139200,36.3,13026,4530,21.6,64.2,73.5
116,17,2,2021,145663,38.0,24474,11233,28.3,45.0,41.6
117,17,2,2022,133186,34.8,12538,6283,1.4,66.7,46.5
118,17,2,2023,154184,40.2,25841,6327,69.7,46.3,82.1
119,17,2,2024,141582,37.0,7480,10820,28.4,63.9,50.4
120,18,2,2018,448591,43.0,55521,35793,11.4,43.3,59.5
121,18,2,2019,454458,43.6,112696,8057,15.2,80.6,86.9
122,18,2,2020,442695,42.4,54664,12188,55.8,60.8,65.8
123,18,2,2021,468716,44.9,91929,29615,45.1,62.1,81.6
124,18,2,2022,504111,48.3,65231,42306,62.1,70.5,74.4
125,18,2,2023,514769,49.3,52973,46140,21.1,73.0,39.4
126,18,2,2024,440450,42.2,31860,14662,0.3,62.5,65.6
127,19,2,2018,432554,88.5,51967,23206,70.7,75.1,57.2
128,19,2,2019,440121,90.0,56681,43053,66.1,86.7,55.5
129,19,2,2020,442807,90.6,107026,14192,90.8,81.3,34.3
130,19,2,2021,428204,87.6,61729,41585,92.1,62.0,58.1
131,19,2,2022,436309,89.3,74572,22204,50.0,64.7,34.8
132,19,2,2023,414677,84.8,77359,25269,60.4,41.3,43.7
133,19,2,2024,478513,97.9,99317,43262,95.1,90.0,70.3
134,20,2,2018,752729,198.8,48182,30489,47.1,72.6,85.0
135,20,2,2019,750666,198.3,151797,71957,96.9,63.5,54.5
136,20,2,2020,757014,200.0,65270,28649,33.0,74.7,47.3
137,20,2,2021,817286,215.9,185068,12981,45.5,55.7,49.4
138,20,2,2022,843286,222.7,148116,75881,82.5,40.1,82.2
139,20,2,2023,785186,207.4,53468,32437,51.8,71.1,59.9
140,20,2,2024,788095,208.2,52933,34560,26.7,46.6,47.3
141,21,2,2018,729514,549.7,163539,23210,2.9,71.5,78.0
142,21,2,2019,742930,559.9,118607,9221,55.2,44.7,89.5
143,21,2,2020,768716,579.3,159400,23083,64.8,47.7,86.0
144,21,2,2021,733184,552.5,108335,61790,83.5,89.0,44.6
145,21,2,2022,765319,576.7,138819,32636,92.2,65.4,82.8
146,21,2,2023,823612,620.7,113596,62623,34.0,79.4,46.0
147,21,2,2024,687250,517.9,112626,61756,58.7,89.9,59.4
148,22,2,2018,610086,215.6,101096,37841,34.5,67.6,62.6
149,22,2,2019,615097,217.3,72930,18513,98.1,51.9,53.0
150,22,2,2020,640022,226.2,85842,9260,31.8,63.6,84.8
151,22,2,2021,619743,219.0,117978,58127,82.1,89.0,59.7
152,22,2,2022,589560,208.3,95314,44573,33.2,45.0,80.7
153,22,2,2023,591967,209.2,89488,6924,72.2,60.5,69.3
154,22,2,2024,596215,210.7,91347,57180,96.9,56.9,71.6
155,23,3,2018,447887,863.0,65459,39449,38.0,55.8,73.1
156,23,3,2019,457013,880.6,93762,6922,61.7,51.7,71.1
157,23,3,2020,449227,865.6,52278,10415,43.4,44.9,68.0
158,23,3,2021,482188,929.1,82262,15723,69.4,85.2,32.8
159,23,3,2022,488325,940.9,62868,28375,37.5,47.3,61.9
160,23,3,2023,476911,918.9,47445,15909,17.5,70.5,53.0
161,23,3,2024,496509,956.7,90055,43182,14.3,63.1,45.2
162,24,3,2018,771590,1088.3,41042,68696,90.1,73.9,39.5
163,24,3,2019,777507,1096.6,129462,46985,63.9,61.2,45.0
164,24,3,2020,808773,1140.7,92661,58509,85.3,45.3,52.9
165,24,3,2021,781722,1102.6,116647,46513,2.2,81.5,53.7
166,24,3,2022,742156,1046.8,49963,72528,83.3,85.1,76.5
167,24,3,2023,768526,1084.0,130784,36390,63.7,71.0,70.7
168,24,3,2024,863008,1217.2,79005,21365,90.3,72.3,48.5
169,25,3,2018,108655,211.4,24423,7063,73.2,44.5,47.7
170,25,3,2019,110817,215.6,11295,4397,13.2,67.0,88.3
171,25,3,2020,111109,216.2,14485,3806,25.7,81.2,58.9
172,25,3,2021,116073,225.8,16902,3046,46.8,43.8,75.2
173,25,3,2022,108231,210.6,18433,10213,36.6,79.5,30.8
174,25,3,2023,115026,223.8,20653,7188,67.3,73.6,65.1
175,25,3,2024,124463,242.1,18395,3019,67.5,63.6,67.2
176,26,3,2018,380776,767.7,62030,18314,64.8,71.8,57.9
177,26,3,2019,387646,781.5,72898,11522,14.0,87.3,48.3
178,26,3,2020,388202,782.7,32149,19269,88.7,46.8,57.2
179,26,3,2021,400314,807.1,90819,31470,58.7,76.3,83.1
180,26,3,2022,406051,818.7,84441,30806,93.9,54.0,71.4
181,26,3,2023,378289,762.7,77201,19255,85.5,45.0,71.1
182,26,3,2024,408491,823.6,67436,8052,39.8,49.5,37.3
183,27,3,2018,644731,197.3,91836,12454,66.3,72.1,65.8
184,27,3,2019,638834,195.5,135067,28244,24.4,46.3,63.9
185,27,3,2020,635409,194.4,132060,42674,20.7,50.8,82.2
186,27,3,2021,650828,199.2,51881,58192,90.1,40.1,81.5
187,27,3,2022,633935,194.0,48734,41742,25.1,48.7,69.7
188,27,3,2023,616332,188.6,32763,29640,79.0,51.9,49.4
189,27,3,2024,633097,193.7,38522,14637,74.2,66.3,74.7
190,28,3,2018,737277,167.9,131769,21665,45.2,51.1,66.9
191,28,3,2019,751351,171.1,174262,47048,45.8,88.2,33.6
192,28,3,2020,750844,171.0,142823,63380,68.6,64.5,84.6
193,28,3,2021,721770,164.4,57266,28326,60.8,43.3,46.5
194,28,3,2022,783515,178.4,182923,50457,38.1,69.9,47.7
195,28,3,2023,775737,176.7,151560,20756,79.3,45.7,69.3
196,28,3,2024,855557,194.8,187306,36738,43.0,84.4,54.8
197,29,3,2018,724079,158.4,140727,34502,73.0,55.6,48.8
198,29,3,2019,724220,158.5,76224,52253,92.3,43.4,79.9
199,29,3,2020,715026,156.5,61064,55947,73.9,80.6,63.4
200,29,3,2021,753709,164.9,184901,50744,67.0,60.5,82.4
201,29,3,2022,807530,176.7,151246,14818,96.8,70.0,51.1
202,29,3,2023,772829,169.1,94409,28008,65.7,51.2,36.5
203,29,3,2024,833901,182.5,138048,23397,76.3,68.7,78.4
204,30,3,2018,308607,93.2,65724,29904,62.2,73.7,63.4
205,30,3,2019,313038,94.5,58762,30309,69.3,41.4,46.4
206,30,3,2020,321387,97.0,76462,14348,35.1,49.1,38.6
207,30,3,2021,323939,97.8,20756,7887,74.1,88.6,35.5
208,30,3,2022,322691,97.4,40788,16983,45.4,47.9,48.7
209,30,3,2023,313225,94.5,77357,21730,59.6,84.2,39.3
210,30,3,2024,347904,105.0,23917,25563,8.2,62.2,55.4
211,31,3,2018,662982,145.9,141724,24531,21.6,65.6,50.7
212,31,3,2019,659292,145.1,160531,41125,66.7,42.3,53.7
213,31,3,2020,681639,150.0,36096,20213,30.1,50.6,38.2
214,31,3,2021,663421,146.0,119186,14497,0.8,77.4,40.5
215,31,3,2022,676902,149.0,94167,39554,55.9,73.4,51.3
216,31,3,2023,682713,150.2,45224,35415,1.9,86.1,81.7
217,31,3,2024,716533,157.7,141843,53662,64.0,54.5,54.3
218,32,3,2018,429580,1835.8,44006,34447,83.2,86.0,35.3
219,32,3,2019,439795,1879.5,53880,32949,58.9,66.2,53.7
220,32,3,2020,431653,1844.7,66082,18836,33.3,48.4,60.6
221,32,3,2021,422608,1806.0,87970,16933,90.6,57.5,73.6
222,32,3,2022,470040,2008.7,42860,20184,10.3,52.8,40.4
223,32,3,2023,421299,1800.4,30940,15821,95.1,71.4,57.8
224,32,3,2024,462957,1978.4,99099,34048,68.1,84.1,68.6
225,33,4,2018,584277,212.3,71576,46947,31.6,62.0,58.1
226,33,4,2019,593190,215.5,134035,23932,59.1,57.6,34.5
227,33,4,2020,594216,215.9,34639,9670,36.9,54.4,68.7
228,33,4,2021,636773,231.4,43673,46672,59.4,59.2,64.8
229,33,4,2022,652945,237.3,129498,65241,4.1,85.5,64.3
230,33,4,2023,577095,209.7,108153,36940,50.1,87.9,57.0
231,33,4,2024,667486,242.5,123404,53487,8.4,72.3,32.3
232,34,4,2018,164975,31.4,37045,10235,52.3,47.9,52.4
233,34,4,2019,165192,31.5,35048,14339,33.8,69.9,77.4
234,34,4,2020,170260,32.4,12832,7103,9.5,73.9,47.0
235,34,4,2021,174532,33.3,18580,7206,8.2,73.2,85.0
236,34,4,2022,166570,31.7,34015,3777,59.5,86.9,48.6
237,34,4,2023,169197,32.2,29986,15014,12.8,75.1,86.8
238,34,4,2024,196858,37.5,44339,5030,64.6,61.2,51.7
239,35,4,2018,763536,311.9,85430,35709,34.2,78.3,41.5
240,35,4,2019,786441,321.3,79939,17978,29.6,79.4,60.5
241,35,4,2020,781338,319.2,177093,12760,66.2,83.8,67.1
242,35,4,2021,795796,325.1,80225,29223,18.1,74.6,67.5
243,35,4,2022,846445,345.8,157055,14190,41.1,73.8,44.3
244,35,4,2023,793655,324.2,114374,66777,23.4,52.0,87.9
245,35,4,2024,866842,354.1,94202,56881,67.8,68.5,56.4
246,36,4,2018,450156,117.9,72559,37459,52.7,88.3,79.0
247,36,4,2019,460082,120.5,41144,20984,5.2,64.0,52.3
248,36,4,2020,475136,124.4,117000,38561,85.1,54.3,75.8
249,36,4,2021,451388,118.2,89855,14169,83.1,44.6,84.6
250,36,4,2022,492381,128.9,70439,6670,41.5,59.8,52.4
251,36,4,2023,462549,121.1,33823,29195,22.5,55.9,35.9
252,36,4,2024,502753,131.6,69084,14598,13.8,54.3,79.8
253,37,4,2018,313626,120.5,24776,28001,70.6,62.4,30.3
254,37,4,2019,311483,119.7,32346,10180,83.5,67.4,73.6
255,37,4,2020,320634,123.2,23317,28639,28.8,55.1,32.9
256,37,4,2021,320060,123.0,68031,23608,45.7,45.5,84.3
257,37,4,2022,331390,127.3,18723,24020,51.5,52.1,38.6
258,37,4,2023,325031,124.9,56543,14811,24.1,60.8,69.9
259,37,4,2024,301454,115.8,38704,5231,95.3,67.2,77.2
260,38,4,2018,62038,16.7,3434,3818,87.3,42.2,53.2
261,38,4,2019,62343,16.8,15361,756,35.7,43.4,44.5
262,38,4,2020,64074,17.3,4901,5406,73.5,56.6,32.7
263,38,4,2021,64267,17.3,13744,2076,83.0,74.2,88.8
264,38,4,2022,64337,17.3,6202,1747,6.3,78.8,57.5
265,38,4,2023,62578,16.8,3845,2259,88.6,55.8,48.6
266,38,4,2024,64277,17.3,12110,4520,25.3,77.7,41.5
267,39,4,2018,613054,331.4,132998,9262,86.6,56.6,37.5
268,39,4,2019,615948,332.9,147383,32374,74.3,84.7,53.2
269,39,4,2020,649062,350.8,97491,51845,49.8,86.2,61.2
270,39,4,2021,654500,353.8,128025,34365,7.9,70.1,79.3
271,39,4,2022,642554,347.3,74228,13148,8.0,73.0,48.4
272,39,4,2023,657526,355.4,144579,17496,69.0,57.6,32.5
273,39,4,2024,710128,383.9,127927,47395,99.8,53.7,88.8
274,40,5,2018,406699,113.7,30169,30687,36.3,80.1,70.8
275,40,5,2019,418131,116.9,39620,32897,3.5,43.4,76.7
276,40,5,2020,410492,114.8,70705,6226,60.5,74.0,86.9
277,40,5,2021,412682,115.4,30711,13149,52.9,59.9,69.0
278,40,5,2022,406673,113.7,35202,5764,73.6,65.0,53.2
279,40,5,2023,432690,121.0,55945,21384,70.4,50.7,66.7
280,40,5,2024,452005,126.4,86982,17638,12.3,82.6,57.1
281,41,5,2018,525763,115.9,84629,11010,81.1,88.4,89.2
282,41,5,2019,534550,117.8,119727,9600,55.0,54.5,48.0
283,41,5,2020,521879,115.1,119096,51107,63.8,79.7,60.5
284,41,5,2021,517688,114.1,52226,14277,23.7,64.7,51.7
285,41,5,2022,553402,122.0,88933,41686,13.0,84.2,33.9
286,41,5,2023,541528,119.4,121045,52526,47.9,60.5,54.6
287,41,5,2024,568115,125.2,44831,26457,64.2,62.5,70.8
288,42,5,2018,326183,102.4,73846,30427,78.0,72.0,40.9
289,42,5,2019,335528,105.3,73480,19832,91.1,42.8,37.4
290,42,5,2020,323657,101.6,26972,8543,32.3,75.5,50.8
291,42,5,2021,353980,111.1,54929,31258,7.9,49.8,87.4
292,42,5,2022,327460,102.8,57334,13196,61.4,44.7,68.5
293,42,5,2023,349099,109.6,37664,9099,65.9,76.0,66.3
294,42,5,2024,375405,117.9,92644,6453,82.5,41.4,32.7
295,43,5,2018,582342,409.8,104715,23167,65.1,78.3,55.0
296,43,5,2019,591403,416.2,94848,47015,54.6,72.1,48.1
297,43,5,2020,582103,409.6,134925,50712,40.6,62.7,71.3
298,43,5,2021,575942,405.3,83273,37494,46.4,57.0,38.6
299,43,5,2022,641441,451.4,73925,54530,98.8,57.3,53.9
300,43,5,2023,644298,453.4,99713,43250,10.6,52.1,37.4
301,43,5,2024,610800,429.8,49005,12452,5.1,87.3,81.8
302,44,5,2018,362942,262.6,39079,30285,32.7,68.9,48.8
303,44,5,2019,370391,268.0,83827,34296,49.9,55.4,31.4
304,44,5,2020,383409,277.4,85419,33799,96.7,50.8,51.2
305,44,5,2021,354324,256.4,82582,23122,88.2,72.7,58.2
306,44,5,2022,379878,274.9,33082,32039,13.4,53.2,51.9
307,44,5,2023,374203,270.8,24640,29994,5.1,68.1,51.8
308,44,5,2024,366317,265.1,68954,33177,76.4,54.0,89.3
309,45,5,2018,258573,85.5,20714,6801,97.5,59.7,77.7
310,45,5,2019,259494,85.8,36934,7321,19.9,65.5,60.0
311,45,5,2020,254356,84.1,21697,13456,80.4,66.0,38.9
312,45,5,2021,279046,92.2,23112,13536,93.1,55.9,53.6
313,45,5,2022,274072,90.6,33313,22195,33.6,81.4,61.9
314,45,5,2023,283183,93.6,33806,18392,81.6,58.4,70.4
315,45,5,2024,307306,101.6,53618,13154,79.7,76.3,71.3
316,46,5,2018,615579,240.7,92983,23556,96.7,79.1,76.6
317,46,5,2019,623646,243.9,125737,9601,58.4,48.5,67.7
318,46,5,2020,633921,247.9,141949,31255,14.8,74.0,31.9
319,46,5,2021,668608,261.5,62238,19189,1.9,55.7,39.1
320,46,5,2022,660125,258.2,140583,39488,77.5,86.0,82.4
321,46,5,2023,677763,265.1,50214,53030,13.8,50.4,49.5
322,46,5,2024,679047,265.6,132734,27352,95.7,63.0,62.0
323,47,6,2018,50599,34.6,6860,4471,19.2,52.3,63.5
324,47,6,2019,50548,34.6,7403,2872,70.5,74.5,59.3
325,47,6,2020,51533,35.2,11759,2755,28.8,68.7,62.6
326,47,6,2021,54622,37.3,9195,3373,95.5,80.2,47.4
327,47,6,2022,50904,34.8,3839,3346,92.4,72.8,74.8
328,47,6,2023,50235,34.3,11335,2723,93.3,74.8,38.2
329,47,6,2024,55205,37.7,12374,2512,24.2,73.5,61.9
330,48,6,2018,167301,180.5,11805,3314,41.3,75.9,36.0
331,48,6,2019,170785,184.2,8878,10723,97.8,47.9,69.2
332,48,6,2020,175848,189.7,39967,9580,65.1,77.8,47.2
333,48,6,2021,168013,181.2,12277,16555,76.9,72.6,43.9
334,48,6,2022,180770,195.0,11482,16769,92.1,60.9,80.3
335,48,6,2023,191471,206.5,11954,14922,78.8,49.3,74.9
336,48,6,2024,193894,209.2,28664,3165,0.9,68.4,36.4
337,49,6,2018,372451,230.6,55920,33500,98.9,67.2,59.6
338,49,6,2019,382709,237.0,85223,34499,27.3,80.4,49.8
339,49,6,2020,386924,239.6,53066,16071,1.4,56.9,47.7
340,49,6,2021,391743,242.6,44905,15418,61.1,71.9,54.3
341,49,6,2022,383154,237.2,62139,9515,40.1,44.8,88.9
342,49,6,2023,389705,241.3,51997,4344,26.1,51.8,75.2
343,49,6,2024,439984,272.4,61575,42571,72.3,40.6,69.2
344,50,6,2018,644916,396.1,40387,50213,11.8,55.3,54.3
345,50,6,2019,651430,400.1,149895,64696,70.4,55.5,37.0
346,50,6,2020,679741,417.5,111329,30884,61.5,51.0,38.0
347,50,6,2021,637452,391.6,129879,46071,37.4,75.1,84.8
348,50,6,2022,698883,429.3,92199,56917,24.7,77.7,82.4
349,50,6,2023,623519,383.0,89731,40849,70.4,43.9,63.9
350,50,6,2024,616322,378.6,102597,39290,20.2,66.8,39.9
351,51,6,2018,559597,445.9,85891,13212,68.0,75.8,59.3
352,51,6,2019,574121,457.5,87096,9387,45.3,65.7,57.4
353,51,6,2020,551022,439.1,88155,49600,80.7,76.2,53.8
354,51,6,2021,598503,476.9,127679,20265,57.8,42.3,50.7
355,51,6,2022,543107,432.8,35052,9954,98.6,63.6,47.2
356,51,6,2023,551804,439.7,45340,47560,97.8,72.3,55.2
357,51,6,2024,667076,531.5,133617,36065,87.0,85.3,52.5
358,52,6,2018,608582,300.4,117171,41428,13.3,83.0,37.1
359,52,6,2019,626665,309.3,82851,40924,12.7,88.9,80.1
360,52,6,2020,633475,312.7,70780,36677,67.3,67.2,61.9
361,52,6,2021,651422,321.5,65012,36701,34.6,53.8,86.2
362,52,6,2022,656171,323.9,62389,8672,80.9,61.0,76.0
363,52,6,2023,689731,340.4,38587,22669,20.6,45.0,32.0
364,52,6,2024,661179,326.3,45818,22649,74.1,60.1,44.1
365,53,6,2018,548369,129.7,129138,9182,14.0,89.7,44.0
366,53,6,2019,562986,133.2,103660,26528,57.7,78.6,79.1
367,53,6,2020,547794,129.6,46166,48744,52.1,60.7,46.5
368,53,6,2021,568801,134.5,105990,53870,91.2,71.3,55.6
369,53,6,2022,570239,134.9,73654,47862,67.1,79.3,49.1
370,53,6,2023,566854,134.1,47900,25321,37.6,77.7,58.4
371,53,6,2024,632128,149.5,71024,62520,70.8,80.3,84.9
372,54,6,2018,603306,337.8,84757,42555,53.0,59.4,45.3
373,54,6,2019,605242,338.9,40625,35529,84.7,44.6,73.5
374,54,6,2020,600436,336.2,65208,30722,67.4,70.1,82.4
375,54,6,2021,598840,335.3,129779,44495,72.4,67.9,58.8
376,54,6,2022,665362,372.5,120552,26522,95.7,40.8,86.2
377,54,6,2023,694262,388.7,65466,55889,100.0,63.9,44.6
378,54,6,2024,656474,367.6,86434,32557,91.5,67.6,76.5
379,55,7,2018,272086,285.2,48577,23977,35.9,53.1,60.8
380,55,7,2019,274777,288.0,20200,26419,46.9,82.0,84.9
381,55,7,2020,274719,288.0,40862,4245,56.3,51.1,38.8
382,55,7,2021,272437,285.6,51896,21701,72.0,54.8,41.8
383,55,7,2022,271217,284.3,50901,10764,49.9,72.7,71.1
384,55,7,2023,272484,285.6,67467,18735,96.7,72.1,59.4
385,55,7,2024,266790,279.7,65438,14207,16.9,76.0,59.3
386,56,7,2018,773378,663.3,180785,15431,52.4,82.0,34.5
387,56,7,2019,790949,678.3,52264,8745,41.2,82.1,43.9
388,56,7,2020,801921,687.8,42492,36687,50.6,58.7,67.1
389,56,7,2021,812703,697.0,202251,71461,65.9,40.8,61.9
390,56,7,2022,793536,680.6,44060,77326,72.2,66.8,47.2
391,56,7,2023,813184,697.4,153531,31627,10.7,44.8,38.9
392,56,7,2024,762662,654.1,176140,40710,81.5,53.4,53.8
393,57,7,2018,754314,178.5,144152,67704,56.5,89.5,43.6
394,57,7,2019,767410,181.6,59503,11826,9.4,59.0,63.2
395,57,7,2020,742659,175.7,39609,29889,8.3,82.3,68.7
396,57,7,2021,761694,180.2,63082,13193,23.0,85.1,71.5
397,57,7,2022,793279,187.7,110728,14034,92.4,74.2,46.8
398,57,7,2023,799569,189.2,48603,31503,92.9,55.7,87.7
399,57,7,2024,817423,193.4,145281,18258,29.9,68.2,64.0
400,58,7,2018,592717,790.3,118375,41353,33.2,77.8,38.4
401,58,7,2019,610225,813.6,125428,11241,50.1,88.7,33.2
402,58,7,2020,601621,802.2,140007,10997,34.1,78.5,87.3
403,58,7,2021,603212,804.3,131551,27421,3.0,53.7,89.6
404,58,7,2022,615866,821.2,77429,42401,94.1,61.6,70.8
405,58,7,2023,643025,857.4,43383,57034,61.9,79.9,72.8
406,58,7,2024,569221,759.0,48675,30595,71.2,71.7,74.4
407,59,8,2018,117136,124.3,9347,2670,0.5,55.4,51.6
408,59,8,2019,117228,124.4,10202,2602,18.7,62.4,63.3
409,59,8,2020,118621,125.9,6791,2654,35.4,44.7,65.9
410,59,8,2021,118185,125.5,18532,1383,29.2,59.4,35.1
411,59,8,2022,129824,137.8,14445,10668,52.1,74.3,40.2
412,59,8,2023,117579,124.8,14673,9254,14.6,48.4,46.6
413,59,8,2024,118541,125.8,8447,7101,25.2,52.3,67.5
414,60,8,2018,291292,204.8,27379,17915,10.7,55.2,86.9
415,60,8,2019,292249,205.5,55256,15370,80.4,56.5,50.1
416,60,8,2020,304618,214.2,71558,24379,97.4,46.8,49.2
417,60,8,2021,316351,222.5,28980,18859,31.4,88.2,88.1
418,60,8,2022,293228,206.2,60205,23670,49.1,68.8,44.5
419,60,8,2023,298710,210.1,68444,28738,39.3,45.7,63.8
420,60,8,2024,316051,222.3,51560,9055,68.2,67.5,87.2
421,61,8,2018,792225,516.4,94569,65391,79.8,81.6,34.1
422,61,8,2019,811168,528.8,147812,73555,13.9,55.1,45.2
423,61,8,2020,786161,512.5,150228,57273,7.4,89.5,58.8
424,61,8,2021,806648,525.8,173137,62893,54.4,79.5,51.6
425,61,8,2022,877270,571.9,184609,86605,63.8,44.2,76.1
426,61,8,2023,858947,559.9,136010,30391,64.7,42.2,89.0
427,61,8,2024,877056,571.7,148609,52233,96.6,61.5,30.6
428,62,8,2018,82938,34.0,11388,4480,37.4,63.2,70.8
429,62,8,2019,84399,34.6,9158,3668,99.8,64.1,47.7
430,62,8,2020,87446,35.9,7185,1824,83.1,76.5,50.9
431,62,8,2021,83867,34.4,10971,5106,48.3,63.8,56.3
432,62,8,2022,89027,36.5,14901,1440,30.0,80.5,36.9
433,62,8,2023,93364,38.3,8251,3625,93.0,77.0,61.0
434,62,8,2024,89131,36.6,15301,5477,42.6,63.1,77.9
