sensor_id,zone_id,slope_id,state_id,district_id,sensor_code,sensor_type,model,lat,lon,elevation_m,installation_date,status,sampling_interval_min,battery_pct,last_communication
1,129,242,6,54,SNS0001,Piezometer,Model-938,29.198348,91.560987,2746,2023-04-19,Inactive,60,16.7,2024-06-13 19:23:27
2,188,46,6,49,SNS0002,Piezometer,Model-340,28.974082,98.418294,2360,2024-05-30,Active,5,85.4,2024-05-30 10:22:44
3,170,442,3,29,SNS0003,Seismograph,Model-710,26.060177,99.213664,3612,2020-05-13,Maintenance,15,32.7,2024-04-19 10:40:05
4,1,456,7,56,SNS0004,Accelerometer,Model-270,29.248545,97.588212,3074,2015-04-06,Maintenance,30,95.4,2024-11-29 23:40:58
5,112,236,2,20,SNS0005,Extensometer,Model-718,23.751609,93.129672,1638,2018-03-01,Inactive,15,39.7,2024-11-14 19:31:35
6,101,186,7,55,SNS0006,Crack Gauge,Model-699,28.808753,94.700201,4313,2023-01-03,Active,5,27.2,2024-05-03 09:01:58
7,156,21,2,22,SNS0007,Crack Gauge,Model-467,22.132946,96.468065,1680,2017-02-10,Inactive,15,57.1,2024-08-05 01:58:08
8,70,253,6,50,SNS0008,Inclinometer,Model-830,23.921126,92.39215,2213,2022-02-20,Inactive,30,85.0,2024-09-29 06:17:43
9,151,292,3,30,SNS0009,Rain Gauge,Model-225,25.710602,93.134024,550,2022-01-19,Inactive,30,94.2,2024-10-31 11:42:54
10,63,76,2,17,SNS0010,Seismograph,Model-263,23.550929,93.150444,3621,2024-03-25,Faulty,30,7.8,2024-01-26 11:30:18
11,159,84,1,2,SNS0011,Seismograph,Model-154,23.775695,91.095746,1834,2021-07-22,Faulty,10,89.0,2024-11-13 03:15:22
12,125,106,5,40,SNS0012,Rain Gauge,Model-953,28.108165,97.764651,877,2018-02-06,Maintenance,30,95.6,2024-06-22 21:05:43
13,27,265,3,23,SNS0013,Inclinometer,Model-785,28.021068,91.453841,1598,2018-03-27,Faulty,60,70.1,2024-04-11 06:02:56
14,124,405,5,46,SNS0014,Tiltmeter,Model-995,23.586539,97.241658,1298,2022-05-26,Active,1,4.9,2024-04-08 02:07:47
15,125,343,5,40,SNS0015,Rain Gauge,Model-718,28.189933,97.773816,3899,2021-04-30,Maintenance,10,31.7,2024-04-22 06:17:08
16,21,291,3,23,SNS0016,Crack Gauge,Model-910,28.083397,92.049281,4183,2018-10-30,Maintenance,5,88.9,2024-08-31 15:07:17
17,165,292,7,56,SNS0017,Accelerometer,Model-828,29.212022,97.695402,402,2019-10-13,Inactive,15,79.1,2024-12-29 20:12:05
18,34,370,1,6,SNS0018,Crack Gauge,Model-980,26.835537,97.432362,745,2015-10-07,Faulty,60,56.4,2024-09-17 21:19:27
19,156,246,2,22,SNS0019,Tiltmeter,Model-850,22.200613,96.526917,613,2024-07-13,Inactive,10,27.7,2024-06-04 15:49:31
20,1,360,7,56,SNS0020,Extensometer,Model-297,29.242032,97.52215,607,2020-07-24,Faulty,15,82.6,2024-01-08 11:34:34
21,98,83,1,11,SNS0021,Tiltmeter,Model-794,22.45171,91.071908,3336,2016-10-10,Active,1,37.0,2024-08-08 14:27:22
22,87,124,4,36,SNS0022,Piezometer,Model-386,24.992873,90.301437,1966,2015-05-01,Maintenance,1,87.8,2024-06-01 03:06:59
23,90,15,7,56,SNS0023,Rain Gauge,Model-664,29.167942,97.779475,1403,2019-02-15,Faulty,15,1.2,2024-08-12 05:34:02
24,172,189,1,5,SNS0024,Inclinometer,Model-865,23.346167,95.434696,800,2023-05-31,Maintenance,10,71.0,2024-04-26 23:55:25
25,157,363,1,9,SNS0025,Tiltmeter,Model-834,27.715192,93.88179,2673,2015-04-15,Faulty,15,51.7,2024-04-30 18:15:28
26,149,401,1,5,SNS0026,Rain Gauge,Model-883,23.732811,95.177016,3833,2024-08-04,Faulty,5,11.4,2024-07-24 09:58:44
27,143,383,2,19,SNS0027,Extensometer,Model-113,23.814667,95.83534,3589,2024-04-15,Active,15,38.1,2024-04-09 19:58:55
28,90,410,7,56,SNS0028,GNSS,Model-488,29.113949,97.793987,3215,2024-04-22,Inactive,60,7.2,2024-06-05 02:19:28
29,175,399,7,56,SNS0029,Crack Gauge,Model-223,29.384309,97.673483,3882,2018-12-23,Active,60,14.1,2024-06-19 23:36:24
30,143,103,2,19,SNS0030,Piezometer,Model-495,23.841423,95.902442,3866,2020-05-22,Active,5,10.1,2024-09-07 22:41:05
31,89,7,7,56,SNS0031,Extensometer,Model-374,29.122901,97.566225,1423,2018-07-17,Active,15,67.7,2024-05-21 12:58:25
32,24,161,3,23,SNS0032,Extensometer,Model-840,27.619771,91.88221,1655,2021-04-18,Inactive,1,17.6,2024-10-18 17:22:04
33,25,74,2,18,SNS0033,Extensometer,Model-741,29.185804,99.162447,3687,2018-08-18,Active,1,6.3,2024-10-03 04:31:54
34,183,350,4,35,SNS0034,Accelerometer,Model-708,23.026575,91.155339,558,2015-11-08,Active,1,36.2,2024-03-02 10:04:31
35,152,123,4,39,SNS0035,Accelerometer,Model-389,27.407848,90.824077,1309,2024-05-14,Maintenance,1,87.0,2024-02-05 03:57:05
36,42,212,3,25,SNS0036,GNSS,Model-365,26.684317,97.069606,2955,2018-06-25,Inactive,15,64.9,2024-04-20 14:49:58
37,175,149,7,56,SNS0037,Tiltmeter,Model-192,29.353883,97.645089,2003,2023-05-16,Maintenance,10,55.7,2024-08-05 11:58:55
38,73,69,1,3,SNS0038,Seismograph,Model-156,27.133269,99.171785,545,2024-02-02,Maintenance,15,66.9,2024-10-06 04:46:40
39,66,80,1,3,SNS0039,Crack Gauge,Model-588,27.906921,98.926031,258,2024-05-19,Faulty,30,57.1,2024-09-19 18:16:35
40,145,134,6,48,SNS0040,Seismograph,Model-679,26.584352,94.767374,4130,2016-03-27,Faulty,30,11.8,2024-05-26 08:27:24
41,24,53,3,23,SNS0041,Crack Gauge,Model-166,27.6421,91.932446,428,2022-10-11,Faulty,60,69.4,2024-03-06 22:11:21
42,146,189,7,58,SNS0042,GNSS,Model-749,27.505895,94.202096,3238,2021-08-06,Faulty,60,3.8,2024-11-16 21:28:45
43,91,483,5,46,SNS0043,Extensometer,Model-813,23.652936,97.464813,3537,2016-04-01,Maintenance,5,80.7,2024-12-21 15:50:17
44,178,34,5,41,SNS0044,Soil Moisture,Model-871,22.53105,94.028519,394,2022-11-06,Active,1,69.0,2024-07-14 07:39:42
45,149,323,1,5,SNS0045,GNSS,Model-378,23.668169,95.186749,1910,2020-12-17,Maintenance,30,6.7,2024-10-09 08:31:15
46,28,477,2,17,SNS0046,Rain Gauge,Model-843,23.403497,92.870757,1793,2018-03-30,Inactive,10,85.1,2024-10-14 17:53:01
47,169,499,6,51,SNS0047,Piezometer,Model-463,29.178217,90.35011,3930,2022-09-05,Faulty,1,28.6,2024-05-07 00:13:08
48,48,202,3,30,SNS0048,Extensometer,Model-280,25.521401,92.958514,1928,2016-04-16,Inactive,1,72.2,2024-05-29 01:55:18
49,183,5,4,35,SNS0049,Seismograph,Model-884,22.97176,91.184551,4285,2022-06-29,Maintenance,10,68.4,2024-10-16 18:38:37
50,112,278,2,20,SNS0050,Accelerometer,Model-875,23.837347,93.154316,2573,2016-01-08,Faulty,10,69.1,2024-03-04 12:29:51
51,187,383,3,24,SNS0051,Accelerometer,Model-632,24.044751,99.342477,260,2022-10-01,Maintenance,1,65.0,2024-05-07 18:35:02
52,45,103,3,32,SNS0052,Tiltmeter,Model-593,25.191534,95.722688,4163,2017-11-05,Inactive,60,86.4,2024-02-15 01:19:44
53,60,467,4,34,SNS0053,Accelerometer,Model-493,26.398483,97.125647,3457,2024-01-29,Active,15,44.9,2024-10-12 10:19:14
54,6,93,1,11,SNS0054,Rain Gauge,Model-980,22.647517,90.992917,1895,2020-11-03,Faulty,30,20.0,2024-11-28 00:40:28
55,85,443,4,36,SNS0055,Piezometer,Model-120,25.330705,90.390925,4442,2015-06-30,Active,10,91.1,2024-03-05 17:16:38
56,136,415,6,50,SNS0056,Accelerometer,Model-338,24.341818,92.45617,1749,2018-05-19,Maintenance,10,53.4,2024-11-01 20:00:43
57,72,447,2,16,SNS0057,Inclinometer,Model-656,23.20817,90.282742,3081,2022-10-24,Active,1,77.7,2024-04-11 19:27:27
58,65,483,6,54,SNS0058,Accelerometer,Model-707,29.284397,91.363451,2693,2020-05-06,Faulty,10,79.9,2024-05-26 04:32:26
59,27,172,3,23,SNS0059,Soil Moisture,Model-768,28.093123,91.429802,1930,2015-10-16,Faulty,15,53.7,2024-10-20 19:09:02
60,14,207,1,11,SNS0060,Seismograph,Model-918,22.714211,90.962402,858,2023-10-10,Active,15,3.2,2024-06-24 04:28:24
61,41,71,5,46,SNS0061,Crack Gauge,Model-112,22.986363,97.422896,1907,2018-06-17,Maintenance,5,24.4,2024-06-23 05:01:07
62,162,298,6,47,SNS0062,Piezometer,Model-614,29.534089,99.178951,2077,2016-10-22,Faulty,1,29.3,2024-11-15 17:41:54
63,34,342,1,6,SNS0063,Crack Gauge,Model-252,26.847954,97.44008,2185,2023-09-18,Active,60,4.8,2024-07-17 03:54:38
64,154,444,8,59,SNS0064,Seismograph,Model-249,25.414895,92.376751,2720,2024-11-03,Maintenance,15,98.7,2024-08-25 02:42:14
65,45,307,3,32,SNS0065,Inclinometer,Model-135,25.09729,95.749789,2655,2016-06-15,Faulty,1,46.4,2024-01-19 03:34:31
66,96,272,3,28,SNS0066,Crack Gauge,Model-971,29.441616,93.360183,1529,2022-12-02,Inactive,5,30.3,2024-09-10 17:26:21
67,43,62,1,4,SNS0067,Extensometer,Model-330,26.479103,90.206697,3474,2020-05-09,Faulty,1,67.7,2024-04-02 19:41:06
68,123,217,3,30,SNS0068,Extensometer,Model-332,25.788094,92.142296,4395,2018-05-26,Faulty,10,70.4,2024-05-13 01:05:52
69,117,467,5,42,SNS0069,Extensometer,Model-661,22.211878,97.648878,625,2020-09-11,Inactive,30,81.7,2024-01-03 16:30:57
70,48,288,3,30,SNS0070,Extensometer,Model-713,25.526901,92.905324,4298,2020-08-14,Faulty,30,2.8,2024-11-15 19:37:55
71,126,473,4,33,SNS0071,Soil Moisture,Model-695,23.86636,99.597734,2344,2018-02-21,Faulty,15,71.8,2024-01-15 16:03:24
72,10,414,1,5,SNS0072,Extensometer,Model-683,23.892952,95.221934,471,2022-06-20,Inactive,5,99.1,2024-12-07 14:28:39
73,140,405,2,19,SNS0073,GNSS,Model-611,24.067954,95.824772,3702,2017-03-09,Maintenance,1,21.7,2024-06-01 09:29:23
74,140,191,2,19,SNS0074,Seismograph,Model-766,24.066743,95.86129,3299,2020-11-11,Active,1,22.9,2024-07-05 04:53:32
75,171,134,1,8,SNS0075,GNSS,Model-785,24.540485,98.419166,1664,2024-01-08,Faulty,1,46.7,2024-04-20 19:30:13
76,6,287,1,11,SNS0076,Extensometer,Model-593,22.666573,90.968449,2795,2023-11-29,Maintenance,5,49.3,2024-11-08 23:08:27
77,163,322,2,15,SNS0077,Rain Gauge,Model-280,26.940381,98.402848,3712,2024-10-10,Faulty,30,57.2,2024-07-26 22:56:40
78,151,354,3,30,SNS0078,GNSS,Model-178,25.732638,93.099906,1963,2023-11-14,Maintenance,10,96.7,2024-07-05 12:40:43
79,106,52,1,12,SNS0079,Crack Gauge,Model-260,26.564067,98.349062,985,2018-07-20,Inactive,15,26.8,2024-09-14 08:55:36
80,156,242,2,22,SNS0080,Crack Gauge,Model-759,22.185368,96.530967,4283,2024-03-11,Inactive,5,97.4,2024-09-16 10:12:59
81,61,203,3,29,SNS0081,Tiltmeter,Model-362,26.268773,98.417645,3200,2024-09-09,Maintenance,5,14.3,2024-10-01 06:38:15
82,57,201,3,30,SNS0082,Extensometer,Model-446,25.639981,92.829964,3386,2023-03-08,Inactive,5,95.7,2024-02-14 15:47:54
83,106,421,1,12,SNS0083,Tiltmeter,Model-993,26.555669,98.397071,1404,2022-06-06,Maintenance,15,1.4,2024-04-27 03:31:09
84,18,9,6,50,SNS0084,Rain Gauge,Model-986,23.543926,92.856627,1185,2023-10-30,Active,1,16.1,2024-06-12 00:04:07
85,95,247,7,56,SNS0085,GNSS,Model-217,29.436459,97.627484,3164,2023-01-16,Inactive,15,44.7,2024-08-18 10:23:54
86,136,90,6,50,SNS0086,Accelerometer,Model-229,24.333245,92.549829,1712,2020-08-29,Inactive,1,27.1,2024-01-28 21:27:18
87,67,194,4,37,SNS0087,Accelerometer,Model-703,26.516367,94.63406,286,2024-07-20,Inactive,30,84.2,2024-08-03 04:22:51
88,65,439,6,54,SNS0088,Extensometer,Model-624,29.264552,91.347963,3754,2016-12-15,Inactive,5,37.2,2024-12-24 04:19:24
89,6,267,1,11,SNS0089,GNSS,Model-717,22.649917,90.917259,1739,2019-07-27,Active,5,26.9,2024-02-18 05:42:09
90,119,14,6,51,SNS0090,Extensometer,Model-960,30.017647,90.400544,3270,2020-03-22,Inactive,1,58.2,2024-09-11 23:38:53
91,191,161,7,55,SNS0091,Tiltmeter,Model-693,28.575839,93.923493,619,2022-09-08,Active,60,47.3,2024-04-07 10:18:27
92,74,468,3,28,SNS0092,Extensometer,Model-482,28.585849,92.885807,1567,2019-03-06,Maintenance,15,46.3,2024-10-09 07:11:08
93,148,271,5,44,SNS0093,Seismograph,Model-435,29.746046,98.747731,1913,2016-04-21,Active,5,92.7,2024-04-22 21:27:30
94,48,201,3,30,SNS0094,Piezometer,Model-117,25.447899,92.888242,4359,2016-01-02,Active,30,75.2,2024-04-08 12:08:09
95,35,76,2,16,SNS0095,Tiltmeter,Model-249,24.025475,90.784684,4351,2015-02-11,Faulty,10,36.5,2024-12-03 23:12:40
96,151,134,3,30,SNS0096,GNSS,Model-476,25.716339,93.082068,3618,2021-04-25,Maintenance,1,34.1,2024-04-18 17:56:07
97,97,237,2,21,SNS0097,Inclinometer,Model-287,24.433211,99.134896,756,2020-12-19,Maintenance,1,57.5,2024-11-08 10:09:21
98,43,440,1,4,SNS0098,Rain Gauge,Model-861,26.471865,90.245798,3449,2015-09-11,Active,15,69.2,2024-08-29 05:36:46
99,123,43,3,30,SNS0099,Crack Gauge,Model-462,25.820609,92.219378,1052,2020-03-28,Active,60,97.8,2024-07-10 00:54:49
100,172,42,1,5,SNS0100,Rain Gauge,Model-355,23.386003,95.46157,743,2019-07-25,Active,10,39.2,2024-11-26 07:28:05
101,124,316,5,46,SNS0101,Tiltmeter,Model-823,23.594397,97.160787,1814,2017-09-12,Inactive,30,81.8,2024-08-07 23:28:22
102,161,305,5,43,SNS0102,Crack Gauge,Model-755,29.579533,97.899972,2610,2024-04-27,Inactive,10,5.8,2024-09-23 07:29:11
103,17,405,2,17,SNS0103,Crack Gauge,Model-399,24.195705,93.262552,2138,2021-03-12,Active,5,35.4,2024-07-22 18:44:22
104,25,448,2,18,SNS0104,GNSS,Model-409,29.169045,99.089035,2981,2023-06-26,Inactive,15,65.6,2024-10-22 06:10:15
105,68,220,1,8,SNS0105,Crack Gauge,Model-849,24.517926,98.600003,1815,2016-09-18,Active,10,57.2,2024-06-23 09:21:19
106,107,268,8,62,SNS0106,Seismograph,Model-370,27.395081,92.536464,4004,2018-12-12,Maintenance,5,39.4,2024-08-19 23:09:54
107,95,409,7,56,SNS0107,Extensometer,Model-398,29.442479,97.693734,598,2015-11-09,Maintenance,5,63.3,2024-06-26 08:55:00
108,41,218,5,46,SNS0108,Rain Gauge,Model-592,22.97385,97.446607,1989,2023-07-17,Faulty,60,44.3,2024-09-12 14:08:47
109,52,323,6,50,SNS0109,Piezometer,Model-417,24.252633,92.844962,1253,2017-03-05,Faulty,5,84.1,2024-05-25 15:12:51
110,20,305,3,28,SNS0110,Crack Gauge,Model-175,28.623586,92.953582,3961,2016-08-09,Maintenance,30,98.3,2024-04-02 02:22:12
111,99,195,2,15,SNS0111,Soil Moisture,Model-219,26.864584,98.418506,596,2018-11-10,Inactive,10,51.9,2024-02-02 05:22:14
112,171,42,1,8,SNS0112,Seismograph,Model-736,24.45654,98.466648,3752,2015-08-27,Faulty,1,98.4,2024-06-24 19:47:27
113,174,360,4,34,SNS0113,Soil Moisture,Model-682,26.424238,97.157134,3486,2020-11-12,Maintenance,60,47.6,2024-07-05 21:45:45
114,142,274,3,30,SNS0114,Piezometer,Model-653,26.072666,93.054837,4019,2019-06-24,Faulty,15,97.7,2024-06-19 12:29:16
115,8,410,1,10,SNS0115,Extensometer,Model-448,23.435395,97.341477,2557,2024-07-30,Active,30,67.6,2024-12-14 00:15:33
116,174,432,4,34,SNS0116,Tiltmeter,Model-847,26.381202,97.139834,4072,2017-05-04,Faulty,5,21.0,2024-07-20 15:56:48
117,125,121,5,40,SNS0117,GNSS,Model-809,28.160315,97.696175,722,2024-07-31,Inactive,60,6.2,2024-04-21 07:30:37
118,66,158,1,3,SNS0118,Soil Moisture,Model-582,27.877868,98.976168,2117,2018-10-13,Active,10,8.7,2024-04-06 22:43:56
119,153,276,1,3,SNS0119,Inclinometer,Model-888,27.131601,98.812004,3484,2019-12-25,Inactive,60,37.4,2024-04-07 06:18:49
120,166,461,2,19,SNS0120,Accelerometer,Model-490,23.807506,96.033798,1458,2023-02-06,Inactive,60,58.2,2024-07-02 22:49:25
121,29,286,3,24,SNS0121,Extensometer,Model-728,24.093877,99.665945,3609,2023-07-20,Faulty,10,43.4,2024-01-24 00:06:34
122,124,327,5,46,SNS0122,Tiltmeter,Model-676,23.653608,97.236123,1790,2020-04-30,Inactive,10,19.3,2024-04-25 06:39:29
123,1,323,7,56,SNS0123,Rain Gauge,Model-551,29.227992,97.519945,3985,2023-11-19,Faulty,1,7.9,2024-07-27 01:02:31
124,22,278,6,52,SNS0124,Soil Moisture,Model-594,28.859941,100.131906,3641,2024-10-01,Active,1,6.4,2024-04-22 07:09:08
125,91,84,5,46,SNS0125,Crack Gauge,Model-589,23.604307,97.496996,826,2021-04-20,Inactive,1,92.5,2024-11-25 14:13:15
126,176,299,3,23,SNS0126,Soil Moisture,Model-510,27.539798,91.804602,839,2016-10-03,Maintenance,15,92.4,2024-06-08 17:42:26
127,142,439,3,30,SNS0127,Inclinometer,Model-741,26.070595,93.050229,1730,2016-02-15,Faulty,30,98.8,2024-05-12 01:06:51
128,176,79,3,23,SNS0128,Accelerometer,Model-360,27.575482,91.768286,2657,2024-05-24,Faulty,15,92.3,2024-12-20 03:56:39
129,59,214,2,14,SNS0129,Accelerometer,Model-430,22.520159,92.649017,2575,2021-08-15,Active,10,9.6,2024-08-13 06:31:53
130,169,291,6,51,SNS0130,Accelerometer,Model-306,29.265151,90.367413,1271,2017-08-29,Active,1,76.4,2024-07-29 23:25:19
131,112,244,2,20,SNS0131,Inclinometer,Model-974,23.808824,93.171788,4081,2015-01-09,Faulty,15,14.6,2024-07-20 06:36:52
132,68,31,1,8,SNS0132,Extensometer,Model-727,24.539486,98.631905,1566,2022-02-10,Faulty,1,34.2,2024-08-08 10:22:25
133,113,455,5,43,SNS0133,GNSS,Model-138,30.175524,97.834107,1539,2023-05-03,Inactive,10,73.5,2024-03-01 14:10:16
134,177,410,1,3,SNS0134,Inclinometer,Model-976,27.262573,98.779731,3734,2024-06-05,Faulty,1,32.8,2024-07-23 05:14:08
135,188,170,6,49,SNS0135,Inclinometer,Model-202,28.968629,98.440293,780,2015-08-15,Faulty,1,31.4,2024-12-28 13:37:37
136,141,86,4,33,SNS0136,Soil Moisture,Model-519,23.845108,100.130127,1382,2018-06-25,Inactive,30,5.4,2024-05-02 19:28:46
137,199,66,2,17,SNS0137,Rain Gauge,Model-265,23.476428,93.342723,3069,2019-04-20,Faulty,5,68.5,2024-09-14 13:01:14
138,167,138,6,53,SNS0138,Crack Gauge,Model-280,28.107009,91.085093,850,2024-02-22,Inactive,10,46.1,2024-09-25 12:41:04
139,26,440,8,61,SNS0139,Inclinometer,Model-110,26.221767,90.442797,420,2019-11-05,Maintenance,30,35.6,2024-04-24 02:50:08
140,47,432,1,6,SNS0140,Tiltmeter,Model-185,26.65871,96.797984,1743,2024-11-04,Maintenance,1,71.6,2024-05-22 00:02:11
141,176,77,3,23,SNS0141,Crack Gauge,Model-842,27.563154,91.748259,554,2023-06-16,Maintenance,10,30.6,2024-06-15 23:29:07
142,88,58,2,22,SNS0142,GNSS,Model-878,23.053549,96.383107,2683,2019-12-15,Active,60,20.9,2024-11-19 14:55:47
143,187,33,3,24,SNS0143,Accelerometer,Model-312,23.999643,99.28951,2897,2023-04-12,Inactive,5,60.9,2024-01-15 03:33:51
144,63,156,2,17,SNS0144,Extensometer,Model-230,23.517531,93.073302,2248,2019-03-07,Inactive,30,51.5,2024-06-25 00:00:55
145,20,265,3,28,SNS0145,Seismograph,Model-514,28.613905,92.910803,1539,2017-10-28,Inactive,5,8.6,2024-07-18 10:30:00
146,132,161,1,8,SNS0146,Rain Gauge,Model-327,24.444324,98.735027,1942,2019-05-05,Inactive,30,67.4,2024-04-25 03:36:39
147,93,227,3,27,SNS0147,Rain Gauge,Model-192,25.606717,91.154282,2614,2017-02-16,Active,60,38.0,2024-12-22 18:04:52
148,156,408,2,22,SNS0148,Accelerometer,Model-466,22.193109,96.468454,208,2018-01-09,Inactive,60,50.1,2024-09-17 03:09:16
149,26,170,8,61,SNS0149,Soil Moisture,Model-748,26.2459,90.433374,2421,2019-02-06,Maintenance,15,75.0,2024-06-03 03:09:02
150,45,261,3,32,SNS0150,Tiltmeter,Model-426,25.126503,95.749108,3554,2019-04-15,Faulty,15,98.1,2024-02-01 07:08:10
151,76,194,5,45,SNS0151,Piezometer,Model-439,28.656767,94.844274,1323,2019-11-09,Inactive,15,64.8,2024-06-19 17:34:39
152,130,301,5,43,SNS0152,Soil Moisture,Model-481,29.372711,97.443487,4448,2017-01-21,Faulty,15,4.0,2024-12-25 23:03:36
153,3,220,3,27,SNS0153,Inclinometer,Model-990,25.204639,90.877658,1395,2021-05-26,Maintenance,30,74.9,2024-10-31 04:03:25
154,171,195,1,8,SNS0154,GNSS,Model-449,24.460088,98.401676,4222,2019-09-04,Inactive,60,77.5,2024-04-04 08:23:19
155,154,136,8,59,SNS0155,Rain Gauge,Model-843,25.362762,92.430297,1762,2016-07-20,Active,10,11.4,2024-12-03 06:55:38
156,193,18,6,51,SNS0156,GNSS,Model-688,29.428388,90.584906,974,2019-12-18,Active,10,60.9,2024-02-16 16:35:46
157,152,445,4,39,SNS0157,Accelerometer,Model-183,27.419318,90.804469,3021,2024-07-21,Maintenance,1,40.3,2024-11-22 05:26:12
158,186,493,8,61,SNS0158,Inclinometer,Model-756,26.268709,90.464613,432,2024-07-09,Faulty,5,98.7,2024-03-17 01:19:46
159,37,178,1,12,SNS0159,Inclinometer,Model-397,27.122815,98.22269,1815,2017-03-12,Active,1,69.3,2024-11-13 21:24:30
160,9,420,1,4,SNS0160,Soil Moisture,Model-843,26.276185,90.252833,276,2020-09-18,Inactive,10,87.3,2024-11-09 18:59:12
161,53,402,3,26,SNS0161,GNSS,Model-758,24.227748,90.014987,3370,2018-08-17,Maintenance,5,4.5,2024-07-16 05:42:27
162,102,340,5,45,SNS0162,Piezometer,Model-710,28.49076,95.597732,1636,2017-04-16,Maintenance,5,94.9,2024-12-16 09:37:48
163,197,273,6,50,SNS0163,Tiltmeter,Model-818,24.425822,92.320855,256,2015-12-27,Active,1,10.5,2024-01-14 13:09:16
164,7,18,2,17,SNS0164,Accelerometer,Model-786,24.229424,93.208765,331,2019-04-20,Faulty,15,62.8,2024-05-12 17:38:42
165,193,72,6,51,SNS0165,Extensometer,Model-792,29.470466,90.593078,2955,2015-01-15,Inactive,5,69.0,2024-02-06 15:40:07
166,85,70,4,36,SNS0166,Inclinometer,Model-311,25.249615,90.353591,4255,2015-07-14,Inactive,10,58.1,2024-02-16 23:00:20
167,88,358,2,22,SNS0167,Extensometer,Model-733,22.981113,96.314075,3839,2015-04-08,Maintenance,15,57.9,2024-08-18 03:31:02
168,148,467,5,44,SNS0168,Rain Gauge,Model-864,29.721584,98.766334,3072,2021-12-30,Faulty,60,2.3,2024-07-07 22:27:42
169,61,494,3,29,SNS0169,Extensometer,Model-473,26.245994,98.46358,2476,2021-03-05,Inactive,60,24.8,2024-10-19 04:55:50
170,134,181,8,59,SNS0170,Tiltmeter,Model-821,25.417515,91.941456,2721,2022-09-29,Maintenance,10,45.2,2024-01-01 11:24:27
171,26,142,8,61,SNS0171,Extensometer,Model-531,26.224824,90.417644,3633,2023-10-16,Faulty,30,16.5,2024-08-27 20:57:51
172,58,47,2,16,SNS0172,Rain Gauge,Model-632,23.800197,90.7988,1898,2024-06-26,Inactive,30,10.2,2024-02-25 03:02:36
173,23,435,2,18,SNS0173,Rain Gauge,Model-839,28.528513,98.850362,1207,2021-04-30,Maintenance,1,11.1,2024-02-02 14:24:23
174,135,411,1,6,SNS0174,Rain Gauge,Model-555,26.753683,96.869621,2652,2021-02-15,Active,1,99.5,2024-04-01 22:52:30
175,40,236,6,54,SNS0175,Seismograph,Model-488,29.681651,91.923826,4191,2022-01-30,Maintenance,30,43.0,2024-02-11 12:23:52
176,172,386,1,5,SNS0176,Extensometer,Model-281,23.386706,95.484778,1603,2016-10-26,Maintenance,10,7.4,2024-02-03 16:34:37
177,53,75,3,26,SNS0177,Tiltmeter,Model-119,24.239933,90.056781,405,2023-03-09,Maintenance,5,90.8,2024-11-20 11:24:42
178,14,262,1,11,SNS0178,Rain Gauge,Model-285,22.64464,90.974797,4136,2015-04-04,Faulty,10,83.8,2024-05-28 08:34:48
179,152,374,4,39,SNS0179,Crack Gauge,Model-456,27.437256,90.824075,3742,2019-05-25,Active,15,27.5,2024-06-08 16:21:11
180,168,204,3,25,SNS0180,Inclinometer,Model-501,26.952604,96.72281,1510,2024-09-11,Inactive,15,75.4,2024-02-15 02:31:56
181,103,115,8,59,SNS0181,Seismograph,Model-919,25.718995,92.433808,3024,2020-09-23,Inactive,10,20.9,2024-06-03 22:35:49
182,131,298,3,23,SNS0182,GNSS,Model-690,27.432281,91.649287,4420,2016-04-02,Active,1,19.8,2024-01-08 05:54:40
183,4,186,2,16,SNS0183,Tiltmeter,Model-591,23.26829,90.701826,2409,2016-06-06,Faulty,10,54.8,2024-06-25 04:49:46
184,190,40,5,46,SNS0184,Rain Gauge,Model-518,23.214233,98.078275,3547,2015-11-23,Inactive,5,98.4,2024-08-07 05:06:19
185,192,138,5,46,SNS0185,Extensometer,Model-465,22.761955,97.706203,963,2017-12-16,Faulty,30,45.1,2024-12-09 12:41:30
186,83,183,5,40,SNS0186,Accelerometer,Model-869,28.227918,97.800024,1361,2018-12-14,Inactive,1,38.6,2024-01-19 12:21:15
187,20,85,3,28,SNS0187,Crack Gauge,Model-383,28.676712,93.004062,3378,2020-04-16,Maintenance,15,8.4,2024-03-12 02:28:45
188,147,486,4,39,SNS0188,Soil Moisture,Model-253,27.075997,91.409039,556,2017-12-11,Active,60,2.0,2024-09-23 15:25:56
189,105,164,6,51,SNS0189,GNSS,Model-862,29.538704,90.928371,893,2021-07-21,Inactive,60,54.3,2024-09-25 13:13:13
190,58,209,2,16,SNS0190,Accelerometer,Model-828,23.747773,90.719397,3660,2016-04-01,Inactive,15,17.3,2024-04-21 20:38:09
191,168,352,3,25,SNS0191,Crack Gauge,Model-984,26.997136,96.726719,2584,2021-07-09,Maintenance,30,33.8,2024-12-28 05:52:29
192,150,379,3,30,SNS0192,Accelerometer,Model-294,25.576746,92.209418,2507,2022-06-17,Faulty,5,23.8,2024-12-04 11:29:25
193,39,186,6,54,SNS0193,Extensometer,Model-508,29.934799,91.570865,3135,2024-01-18,Active,1,76.4,2024-04-08 09:08:37
194,174,232,4,34,SNS0194,Crack Gauge,Model-431,26.409714,97.15168,3324,2022-10-26,Faulty,10,91.7,2024-05-22 22:05:41
195,19,72,1,8,SNS0195,Piezometer,Model-202,23.835467,99.031743,1729,2024-09-02,Faulty,15,52.8,2024-06-20 07:53:30
196,191,140,7,55,SNS0196,Inclinometer,Model-726,28.530131,93.917548,2162,2016-05-07,Maintenance,5,23.1,2024-06-22 17:22:30
197,26,117,8,61,SNS0197,Accelerometer,Model-854,26.23094,90.40831,1018,2019-08-29,Inactive,1,19.4,2024-06-06 17:17:12
198,196,18,3,29,SNS0198,Rain Gauge,Model-390,25.99208,98.828038,826,2022-05-06,Inactive,5,0.5,2024-10-21 12:58:29
199,182,55,3,24,SNS0199,Seismograph,Model-889,24.539949,99.2344,628,2018-07-30,Faulty,60,4.7,2024-10-16 08:41:18
200,109,334,1,1,SNS0200,Accelerometer,Model-111,26.856869,89.919511,729,2016-01-26,Inactive,10,18.0,2024-12-20 17:30:44
201,22,469,6,52,SNS0201,Soil Moisture,Model-390,28.81077,100.148385,2695,2017-01-05,Maintenance,5,42.4,2024-11-01 07:00:59
202,177,12,1,3,SNS0202,Rain Gauge,Model-316,27.273652,98.772029,1020,2024-08-04,Faulty,30,59.4,2024-03-01 17:59:50
203,53,207,3,26,SNS0203,Extensometer,Model-574,24.31598,89.982556,3857,2018-05-27,Inactive,1,16.6,2024-06-07 18:28:33
204,62,380,3,31,SNS0204,Inclinometer,Model-907,27.969996,95.266595,1741,2018-02-01,Maintenance,15,38.9,2024-06-08 03:15:44
205,109,354,1,1,SNS0205,Piezometer,Model-531,26.845221,89.858059,2812,2024-12-13,Faulty,1,66.4,2024-03-13 03:26:46
206,54,186,7,55,SNS0206,Crack Gauge,Model-401,29.205674,94.541574,222,2019-04-25,Faulty,60,50.2,2024-05-22 20:13:58
207,133,168,4,39,SNS0207,Crack Gauge,Model-380,27.823441,91.50901,581,2020-08-05,Active,5,85.7,2024-09-05 20:12:14
208,68,328,1,8,SNS0208,Rain Gauge,Model-679,24.498936,98.643568,3501,2020-10-31,Inactive,5,81.8,2024-04-22 22:09:35
209,111,478,5,42,SNS0209,Soil Moisture,Model-794,21.612304,97.505478,1846,2020-06-23,Active,1,5.1,2024-02-05 04:40:25
210,157,418,1,9,SNS0210,Soil Moisture,Model-930,27.651092,93.865002,4041,2017-03-19,Inactive,15,67.9,2024-08-02 03:09:45
211,197,464,6,50,SNS0211,Rain Gauge,Model-814,24.343846,92.373619,1029,2022-08-27,Active,15,37.9,2024-01-29 21:51:52
212,70,445,6,50,SNS0212,Rain Gauge,Model-844,23.890643,92.38517,3370,2021-08-10,Inactive,30,44.2,2024-04-11 10:06:18
213,172,409,1,5,SNS0213,Soil Moisture,Model-148,23.311632,95.484635,955,2017-09-28,Inactive,10,58.3,2024-02-26 02:28:55
214,153,299,1,3,SNS0214,Rain Gauge,Model-720,27.149878,98.885224,2435,2017-05-25,Faulty,5,67.7,2024-02-07 06:08:37
215,88,306,2,22,SNS0215,Piezometer,Model-597,22.978252,96.366384,1672,2017-05-19,Maintenance,10,5.2,2024-09-04 17:50:03
216,64,309,2,13,SNS0216,Inclinometer,Model-802,26.050979,99.730107,1412,2016-05-31,Inactive,30,99.5,2024-01-02 14:13:47
217,104,436,2,15,SNS0217,GNSS,Model-487,27.070344,98.780908,577,2017-11-13,Maintenance,15,19.0,2024-09-29 12:20:15
218,5,313,3,29,SNS0218,Inclinometer,Model-213,26.25665,99.22848,1487,2017-04-16,Active,5,77.0,2024-04-22 15:19:23
219,188,492,6,49,SNS0219,Piezometer,Model-930,28.97678,98.468594,3341,2020-06-26,Faulty,5,32.4,2024-09-13 21:25:39
220,129,36,6,54,SNS0220,Inclinometer,Model-182,29.131727,91.551138,1216,2018-01-02,Inactive,1,28.3,2024-09-10 13:27:26
221,99,488,2,15,SNS0221,Soil Moisture,Model-849,26.958577,98.321688,2789,2019-02-16,Active,15,20.3,2024-12-04 22:08:24
222,197,73,6,50,SNS0222,Accelerometer,Model-278,24.384149,92.325478,2387,2020-10-16,Active,10,52.8,2024-06-08 15:48:43
223,82,79,7,56,SNS0223,Extensometer,Model-255,29.43117,98.062715,3774,2023-07-04,Maintenance,10,86.2,2024-08-19 09:17:59
224,29,490,3,24,SNS0224,Tiltmeter,Model-615,24.138252,99.678994,4159,2018-05-14,Active,10,15.3,2024-08-26 17:21:37
225,84,266,7,57,SNS0225,Inclinometer,Model-235,23.79847,92.744507,3704,2019-11-30,Faulty,30,42.0,2024-11-08 01:52:22
226,53,28,3,26,SNS0226,Piezometer,Model-680,24.318986,90.032527,1294,2016-07-09,Active,5,63.8,2024-10-03 21:01:14
227,4,215,2,16,SNS0227,Soil Moisture,Model-502,23.249322,90.718355,1734,2023-10-14,Maintenance,60,42.4,2024-02-28 18:50:07
228,186,74,8,61,SNS0228,Inclinometer,Model-543,26.23349,90.443058,2233,2021-06-12,Active,5,7.3,2024-07-12 20:35:12
229,31,95,5,43,SNS0229,Crack Gauge,Model-657,30.203942,97.76344,412,2015-06-19,Active,1,58.2,2024-10-24 13:36:37
230,162,436,6,47,SNS0230,Extensometer,Model-294,29.53187,99.179585,1224,2023-05-07,Inactive,30,81.8,2024-07-05 01:46:26
231,162,83,6,47,SNS0231,Rain Gauge,Model-659,29.527533,99.126195,3032,2024-03-28,Inactive,15,82.5,2024-02-07 20:37:21
232,156,29,2,22,SNS0232,Accelerometer,Model-610,22.107339,96.503243,3535,2021-02-27,Maintenance,30,17.7,2024-03-25 16:26:21
233,107,348,8,62,SNS0233,GNSS,Model-281,27.348101,92.562244,1527,2020-08-01,Faulty,1,10.5,2024-09-18 07:50:03
234,30,450,4,33,SNS0234,GNSS,Model-755,23.542932,99.914329,4131,2024-01-13,Faulty,1,39.7,2024-06-10 21:11:25
235,63,119,2,17,SNS0235,Inclinometer,Model-766,23.519631,93.15041,2407,2016-09-28,Inactive,60,78.8,2024-06-07 04:30:15
236,183,133,4,35,SNS0236,Tiltmeter,Model-853,23.058423,91.166725,3245,2017-08-07,Inactive,30,31.7,2024-02-20 13:14:32
237,196,330,3,29,SNS0237,Inclinometer,Model-512,26.009516,98.840977,2731,2015-02-02,Faulty,15,14.6,2024-04-25 14:02:48
238,133,362,4,39,SNS0238,Crack Gauge,Model-800,27.832435,91.480135,4042,2020-02-19,Active,60,6.0,2024-06-07 06:15:37
239,26,441,8,61,SNS0239,Rain Gauge,Model-101,26.270302,90.462691,3766,2023-01-09,Faulty,30,54.5,2024-08-04 02:17:19
240,102,27,5,45,SNS0240,Extensometer,Model-478,28.531546,95.515796,2724,2015-11-02,Active,5,59.4,2024-03-31 03:26:36
241,58,369,2,16,SNS0241,Inclinometer,Model-811,23.825417,90.78219,2845,2022-08-26,Faulty,60,49.3,2024-11-04 12:28:57
242,7,432,2,17,SNS0242,Seismograph,Model-337,24.294875,93.160522,2905,2023-12-14,Active,5,6.1,2024-02-16 18:32:48
243,89,103,7,56,SNS0243,Soil Moisture,Model-136,29.107065,97.558187,1993,2022-07-24,Inactive,60,7.9,2024-09-26 01:37:59
244,76,246,5,45,SNS0244,Inclinometer,Model-950,28.620639,94.807784,1572,2018-02-07,Inactive,15,33.8,2024-02-12 18:17:00
245,136,391,6,50,SNS0245,Extensometer,Model-763,24.399019,92.465825,2060,2016-07-21,Inactive,30,83.6,2024-12-11 18:22:25
246,155,262,1,5,SNS0246,Inclinometer,Model-421,23.628068,95.087826,2821,2017-03-25,Faulty,60,10.9,2024-11-13 11:59:57
247,115,22,2,14,SNS0247,Accelerometer,Model-627,22.622159,93.345245,4441,2018-12-03,Maintenance,15,10.2,2024-12-24 16:52:35
248,16,71,2,18,SNS0248,Extensometer,Model-834,28.63183,98.375228,1229,2019-02-01,Maintenance,60,65.8,2024-11-19 12:31:49
249,132,202,1,8,SNS0249,Soil Moisture,Model-747,24.531734,98.804286,2741,2017-01-29,Active,5,39.3,2024-07-18 07:37:51
250,105,373,6,51,SNS0250,Crack Gauge,Model-484,29.549705,90.891536,2295,2018-02-27,Active,1,76.2,2024-12-26 07:37:44
251,82,133,7,56,SNS0251,GNSS,Model-228,29.485259,98.078618,2147,2015-04-20,Maintenance,5,45.3,2024-10-25 18:03:52
252,76,210,5,45,SNS0252,Soil Moisture,Model-766,28.647174,94.84382,1994,2015-11-18,Faulty,15,80.5,2024-05-29 13:50:04
253,82,358,7,56,SNS0253,Inclinometer,Model-803,29.437288,98.090667,699,2015-09-08,Faulty,5,43.6,2024-05-30 12:08:16
254,72,154,2,16,SNS0254,Rain Gauge,Model-231,23.162519,90.245032,2140,2024-10-12,Maintenance,15,47.4,2024-10-03 20:59:46
255,148,45,5,44,SNS0255,Accelerometer,Model-796,29.713001,98.746892,4246,2018-07-02,Inactive,15,49.1,2024-07-23 19:18:18
256,185,147,5,41,SNS0256,Seismograph,Model-496,23.384395,94.820884,2601,2023-11-14,Maintenance,15,52.6,2024-11-11 08:43:27
257,98,95,1,11,SNS0257,Extensometer,Model-324,22.383279,91.09144,2400,2015-02-01,Faulty,1,51.0,2024-10-08 11:14:56
258,108,487,7,56,SNS0258,GNSS,Model-253,29.573724,97.735064,3773,2024-03-19,Maintenance,15,12.7,2024-06-07 22:59:41
259,79,162,8,59,SNS0259,Rain Gauge,Model-505,25.412887,93.007701,1091,2016-04-01,Active,5,14.2,2024-07-14 09:48:12
260,139,53,3,26,SNS0260,Piezometer,Model-506,24.362542,89.850084,2840,2019-02-10,Active,60,67.9,2024-09-15 01:09:37
261,112,149,2,20,SNS0261,Tiltmeter,Model-549,23.814996,93.216801,3019,2017-10-31,Maintenance,5,53.5,2024-11-01 13:06:13
262,75,401,6,51,SNS0262,Seismograph,Model-397,29.363201,91.13758,2130,2018-10-13,Inactive,5,93.6,2024-12-02 07:14:43
263,146,68,7,58,SNS0263,Crack Gauge,Model-118,27.451302,94.220313,903,2020-02-02,Faulty,60,45.8,2024-07-24 19:52:48
264,49,191,3,31,SNS0264,Rain Gauge,Model-883,27.477483,95.44728,1705,2015-04-24,Faulty,15,28.1,2024-06-10 04:00:59
265,130,356,5,43,SNS0265,Inclinometer,Model-281,29.368957,97.458907,689,2017-10-08,Active,5,62.8,2024-12-27 10:01:45
266,49,241,3,31,SNS0266,Soil Moisture,Model-118,27.500204,95.445883,811,2015-02-04,Active,30,86.9,2024-12-22 07:03:37
267,66,412,1,3,SNS0267,Accelerometer,Model-647,27.913481,98.976375,3160,2022-12-19,Active,10,10.8,2024-05-05 00:40:39
268,31,41,5,43,SNS0268,Crack Gauge,Model-958,30.262808,97.845079,2260,2018-11-01,Inactive,30,50.9,2024-03-29 06:11:26
269,48,165,3,30,SNS0269,Inclinometer,Model-861,25.451179,92.88549,885,2017-09-21,Maintenance,10,3.4,2024-05-16 03:17:27
270,152,131,4,39,SNS0270,Rain Gauge,Model-266,27.437095,90.748333,2036,2022-04-10,Faulty,60,100.0,2024-09-24 12:31:31
271,95,247,7,56,SNS0271,Extensometer,Model-606,29.476585,97.692456,3236,2020-08-30,Maintenance,30,16.5,2024-03-25 17:38:40
272,3,243,3,27,SNS0272,Crack Gauge,Model-368,25.162482,90.916243,1590,2022-11-10,Faulty,15,1.6,2024-02-05 23:11:05
273,156,164,2,22,SNS0273,Rain Gauge,Model-874,22.181204,96.545615,1658,2022-02-15,Maintenance,1,28.7,2024-09-05 02:44:02
274,40,371,6,54,SNS0274,Soil Moisture,Model-890,29.735798,91.94698,3887,2016-10-28,Maintenance,30,23.7,2024-02-14 23:06:12
275,168,453,3,25,SNS0275,Tiltmeter,Model-674,26.921528,96.723197,1022,2024-03-08,Inactive,10,8.8,2024-03-24 07:35:12
276,151,300,3,30,SNS0276,Crack Gauge,Model-524,25.740088,93.143222,2316,2020-01-06,Faulty,5,1.2,2024-08-09 12:08:27
277,49,258,3,31,SNS0277,Tiltmeter,Model-571,27.498446,95.428062,3331,2021-07-08,Inactive,15,34.2,2024-12-01 03:25:35
278,127,468,3,28,SNS0278,GNSS,Model-305,28.917008,92.857863,1603,2024-06-03,Inactive,60,18.9,2024-03-11 21:19:32
279,153,318,1,3,SNS0279,Crack Gauge,Model-131,27.12648,98.85031,276,2016-02-13,Active,10,16.2,2024-12-14 19:11:28
280,6,453,1,11,SNS0280,Soil Moisture,Model-123,22.644028,90.917971,3995,2016-04-15,Inactive,10,43.4,2024-02-25 18:13:44
281,79,435,8,59,SNS0281,Accelerometer,Model-835,25.429184,92.930105,2008,2018-06-17,Active,1,89.1,2024-08-09 05:07:22
282,128,7,2,21,SNS0282,Extensometer,Model-392,24.032422,99.571407,1240,2020-07-14,Faulty,1,84.1,2024-11-12 03:33:03
283,123,82,3,30,SNS0283,Tiltmeter,Model-356,25.821948,92.159611,600,2024-10-24,Faulty,60,26.0,2024-06-07 09:47:29
284,118,199,1,5,SNS0284,Rain Gauge,Model-651,24.097136,95.141111,674,2020-01-13,Inactive,1,39.1,2024-08-04 00:51:56
285,70,61,6,50,SNS0285,Accelerometer,Model-460,23.962092,92.36998,2661,2020-02-17,Faulty,10,29.0,2024-04-27 10:46:36
286,80,185,3,27,SNS0286,Soil Moisture,Model-921,25.047003,90.802592,4500,2019-11-08,Inactive,5,37.3,2024-11-29 05:46:54
287,69,429,6,52,SNS0287,Seismograph,Model-124,28.569841,99.618425,997,2019-04-05,Active,30,61.1,2024-12-29 23:47:40
288,59,45,2,14,SNS0288,Seismograph,Model-562,22.495533,92.712333,3962,2019-12-08,Faulty,10,59.6,2024-06-29 17:09:50
289,67,212,4,37,SNS0289,Crack Gauge,Model-397,26.511972,94.641364,1039,2015-10-05,Maintenance,1,61.3,2024-12-03 19:42:35
290,25,191,2,18,SNS0290,Extensometer,Model-479,29.229023,99.159764,601,2020-01-03,Active,60,7.6,2024-05-23 22:55:39
291,95,171,7,56,SNS0291,Inclinometer,Model-171,29.43093,97.625661,4283,2016-04-01,Maintenance,5,90.8,2024-07-26 07:15:56
292,104,466,2,15,SNS0292,Piezometer,Model-975,27.131593,98.691093,1435,2024-04-18,Faulty,10,36.4,2024-03-22 00:24:48
293,191,235,7,55,SNS0293,Tiltmeter,Model-380,28.556575,93.950174,546,2021-10-22,Inactive,10,7.8,2024-06-22 12:54:00
294,172,2,1,5,SNS0294,Piezometer,Model-408,23.387558,95.495025,2159,2021-01-03,Faulty,5,62.7,2024-10-30 20:35:45
295,4,340,2,16,SNS0295,Soil Moisture,Model-374,23.237245,90.72228,4314,2015-11-25,Faulty,1,16.9,2024-02-11 05:00:56
296,163,490,2,15,SNS0296,Accelerometer,Model-947,26.944245,98.422704,1556,2019-01-11,Active,15,22.3,2024-10-12 15:32:52
297,62,202,3,31,SNS0297,Rain Gauge,Model-306,28.06079,95.188942,3700,2023-08-06,Inactive,30,36.2,2024-03-31 11:38:24
298,70,154,6,50,SNS0298,Seismograph,Model-998,23.954927,92.329148,668,2016-07-23,Faulty,60,50.7,2024-01-07 16:19:46
299,2,420,2,16,SNS0299,Inclinometer,Model-257,23.791493,91.027368,2110,2023-09-13,Active,10,81.8,2024-09-03 17:01:40
300,69,18,6,52,SNS0300,Rain Gauge,Model-228,28.620314,99.590862,3053,2020-02-07,Maintenance,5,14.3,2024-06-28 04:37:02
