slope_id,district_id,zone_id,slope_code,lat_start,lon_start,lat_end,lon_end,slope_angle_deg,slope_length_m,aspect,elevation_min_m,elevation_max_m,geology_type,soil_type,factor_of_safety,stability_class,historical_events,last_survey_date
1,54,145,SL00001,29.299517,91.869569,29.309517,91.879569,19.1,4786,W,2468,2549,Sandstone,Rock,1.837,Unstable,9,2020-10-31
2,16,176,SL00002,23.481956,90.667726,23.491956,90.677726,49.4,4066,NW,1594,1852,Phyllite,Rock,1.435,Marginally Stable,10,2017-02-28
3,47,89,SL00003,29.913224,99.00276,29.923224,99.01276,33.5,3921,NE,1169,1492,Sandstone,Loam,1.206,Marginally Stable,3,2011-02-19
4,19,99,SL00004,24.442298,96.307681,24.452298,96.317681,63.1,4832,SW,1608,1852,Schist,Silt,2.146,Critical,15,2016-12-02
5,32,6,SL00005,25.181529,95.771245,25.191529,95.781245,37.9,2990,N,2272,2373,Phyllite,Silt,1.009,Critical,9,2022-01-14
6,1,28,SL00006,27.073957,90.479573,27.083957,90.489573,51.4,3381,N,3603,3852,Phyllite,Rock,1.295,Unstable,2,2018-08-31
7,33,116,SL00007,23.913242,99.843232,23.923242,99.853232,64.5,892,W,1273,1705,Phyllite,Rock,0.844,Unstable,4,2014-06-19
8,39,131,SL00008,27.383132,90.869653,27.393132,90.879653,16.9,4354,NW,3028,3230,Limestone,Rock,2.128,Marginally Stable,10,2023-10-02
9,21,42,SL00009,24.071573,99.4364,24.081573,99.4464,57.1,4275,NW,3055,3411,Sandstone,Clay,1.564,Unstable,10,2012-06-16
10,27,150,SL00010,25.093907,90.90116,25.103907,90.91116,58.6,2275,SE,518,620,Limestone,Silt,1.734,Marginally Stable,12,2013-04-25
11,53,175,SL00011,27.972018,91.327442,27.982018,91.337442,50.0,2669,W,1862,2067,Sandstone,Loam,0.636,Critical,15,2011-05-26
12,46,36,SL00012,23.23391,97.661632,23.24391,97.671632,64.9,2670,E,4218,4738,Limestone,Sandy Loam,1.598,Unstable,8,2023-09-07
13,31,50,SL00013,28.234302,95.257204,28.244302,95.267204,29.9,1798,NW,2738,3112,Sandstone,Sandy Loam,2.065,Unstable,9,2012-09-25
14,37,174,SL00014,26.793015,94.917956,26.803015,94.927956,34.7,1299,S,3127,3220,Phyllite,Clay,2.414,Unstable,14,2024-09-17
15,17,192,SL00015,23.810648,92.715141,23.820648,92.725141,41.9,4907,SE,2525,2823,Granite,Rock,0.861,Marginally Stable,7,2011-03-07
16,7,106,SL00016,26.257676,92.187842,26.267676,92.197842,49.1,4608,E,1426,1892,Gneiss,Silt,0.61,Critical,6,2016-06-11
17,21,74,SL00017,24.223339,99.611262,24.233339,99.621262,19.5,405,E,2202,2679,Schist,Clay,1.617,Critical,15,2014-03-07
18,60,192,SL00018,24.981979,96.138724,24.991979,96.148724,58.8,979,SW,375,716,Sandstone,Rock,1.167,Critical,4,2021-04-23
19,30,70,SL00019,25.486487,92.416388,25.496487,92.426388,23.1,1625,N,4059,4454,Phyllite,Rock,1.832,Marginally Stable,5,2023-09-14
20,55,164,SL00020,29.217726,94.427594,29.227726,94.437594,40.8,881,E,1010,1203,Sandstone,Sandy Loam,1.362,Marginally Stable,0,2015-11-07
21,25,61,SL00021,26.423641,96.706297,26.433641,96.716297,31.5,3045,SE,393,506,Gneiss,Clay,1.097,Critical,9,2013-08-01
22,26,176,SL00022,23.833912,90.558071,23.843912,90.568071,50.2,2516,SW,2847,3123,Schist,Loam,1.912,Critical,4,2020-03-16
23,48,156,SL00023,26.715775,95.007264,26.725775,95.017264,60.6,1889,SE,4703,4836,Limestone,Silt,2.124,Unstable,2,2022-08-27
24,8,16,SL00024,24.422764,98.934733,24.432764,98.944733,25.1,2787,NW,4696,4865,Gneiss,Loam,0.885,Critical,2,2021-06-12
25,29,15,SL00025,25.965959,98.854749,25.975959,98.864749,37.8,2624,N,772,1227,Phyllite,Clay,1.662,Marginally Stable,2,2011-01-07
26,28,89,SL00026,29.131131,93.171498,29.141131,93.181498,18.0,3967,N,865,1208,Sandstone,Loam,2.474,Marginally Stable,13,2018-05-26
27,58,98,SL00027,27.168122,94.631269,27.178122,94.641269,33.9,4517,E,957,1363,Granite,Loam,1.897,Critical,4,2014-12-30
28,54,1,SL00028,29.728508,91.938394,29.738508,91.948394,38.2,3207,SE,4760,5063,Sandstone,Sandy Loam,1.406,Marginally Stable,8,2014-03-25
29,60,186,SL00029,24.863994,95.60243,24.873994,95.61243,48.0,651,NE,428,512,Sandstone,Rock,1.057,Stable,7,2010-12-29
30,26,113,SL00030,23.673004,90.151362,23.683004,90.161362,58.2,2469,SE,762,1138,Limestone,Rock,0.866,Unstable,7,2016-10-08
31,57,37,SL00031,23.900617,93.129951,23.910617,93.139951,35.7,4946,E,2554,3041,Limestone,Silt,0.716,Stable,11,2024-06-06
32,43,98,SL00032,29.946583,97.510841,29.956583,97.520841,35.8,1606,NW,1522,1818,Schist,Sandy Loam,1.17,Marginally Stable,14,2011-04-18
33,36,106,SL00033,25.657972,90.669672,25.667972,90.679672,21.7,2805,NE,2289,2799,Phyllite,Clay,1.084,Marginally Stable,1,2016-01-09
34,25,173,SL00034,26.518582,96.569829,26.528582,96.579829,18.6,2827,S,2077,2142,Schist,Loam,1.511,Stable,15,2015-06-11
35,45,155,SL00035,28.855661,95.014579,28.865661,95.024579,27.0,3218,NW,2934,3530,Gneiss,Sandy Loam,2.073,Unstable,8,2018-01-25
36,33,128,SL00036,23.734202,100.15709,23.744202,100.16709,51.1,3136,SW,2923,3396,Granite,Rock,2.337,Marginally Stable,4,2010-05-13
37,17,142,SL00037,24.084055,92.941386,24.094055,92.951386,35.9,1984,W,1548,1849,Sandstone,Rock,0.973,Unstable,8,2020-12-16
38,62,186,SL00038,27.133817,92.283757,27.143817,92.293757,23.4,4577,NW,3185,3423,Limestone,Clay,0.922,Stable,2,2024-12-27
39,4,196,SL00039,26.42773,90.100295,26.43773,90.110295,46.5,174,SE,856,1423,Sandstone,Sandy Loam,1.944,Stable,15,2024-10-14
40,32,5,SL00040,25.131467,95.866286,25.141467,95.876286,15.6,4488,S,4636,4703,Limestone,Silt,1.972,Marginally Stable,3,2012-02-29
41,34,39,SL00041,25.792681,97.629669,25.802681,97.639669,27.6,3351,NE,3203,3635,Sandstone,Silt,1.108,Marginally Stable,7,2016-09-23
42,44,21,SL00042,29.393241,98.920131,29.403241,98.930131,53.0,3189,NW,1065,1172,Gneiss,Clay,1.37,Marginally Stable,2,2021-03-18
43,55,112,SL00043,29.066444,94.130162,29.076444,94.140162,63.9,448,SE,1081,1347,Gneiss,Rock,2.3,Critical,8,2011-01-17
44,60,20,SL00044,24.815357,95.751324,24.825357,95.761324,42.2,2676,N,569,831,Limestone,Loam,0.941,Critical,2,2016-09-17
45,11,145,SL00045,22.586283,91.16799,22.596283,91.17799,34.5,1246,NE,4728,5290,Gneiss,Sandy Loam,1.23,Stable,3,2019-10-21
46,15,20,SL00046,26.852556,98.778503,26.862556,98.788503,62.7,2773,N,3549,3878,Sandstone,Silt,2.441,Marginally Stable,11,2022-05-28
47,61,97,SL00047,26.666609,90.179717,26.676609,90.189717,48.0,2519,SE,1002,1127,Granite,Sandy Loam,2.067,Marginally Stable,12,2024-03-20
48,10,190,SL00048,23.656273,97.55132,23.666273,97.56132,19.6,2309,NE,2825,3010,Granite,Loam,1.445,Critical,14,2022-06-29
49,36,132,SL00049,25.322127,90.351057,25.332127,90.361057,32.7,2757,W,1062,1124,Phyllite,Silt,1.734,Critical,2,2022-07-20
50,58,63,SL00050,27.242176,94.18275,27.252176,94.19275,34.0,2298,NW,1437,1636,Granite,Loam,1.111,Critical,8,2019-06-12
51,20,124,SL00051,23.4708,93.469375,23.4808,93.479375,62.2,1701,NW,4361,4520,Schist,Sandy Loam,1.728,Stable,12,2017-06-14
52,54,159,SL00052,29.502734,91.868619,29.512734,91.878619,37.0,4969,E,3827,4184,Phyllite,Rock,2.149,Marginally Stable,15,2017-01-17
53,12,102,SL00053,27.111035,97.946169,27.121035,97.956169,49.7,2085,SW,4322,4757,Phyllite,Silt,2.439,Unstable,3,2022-08-25
54,13,152,SL00054,26.588159,99.539156,26.598159,99.549156,53.4,3881,SE,520,1018,Phyllite,Clay,2.411,Critical,15,2013-02-14
55,41,78,SL00055,22.737613,94.442898,22.747613,94.452898,50.8,4998,NW,3388,3848,Limestone,Rock,0.741,Critical,1,2018-01-24
56,45,138,SL00056,28.789692,95.325241,28.799692,95.335241,20.5,3008,E,2333,2428,Limestone,Silt,1.849,Unstable,13,2012-05-17
57,1,26,SL00057,26.970643,90.256506,26.980643,90.266506,40.9,3304,NW,2110,2672,Schist,Sandy Loam,1.447,Stable,15,2012-05-06
58,19,107,SL00058,24.476129,96.108313,24.486129,96.118313,56.6,2910,NW,1460,1721,Limestone,Silt,1.262,Unstable,15,2012-03-10
59,29,185,SL00059,26.111958,98.738146,26.121958,98.748146,30.0,2910,NE,1242,1460,Gneiss,Loam,0.643,Marginally Stable,5,2017-06-04
60,36,110,SL00060,25.652378,90.474413,25.662378,90.484413,35.3,3640,W,1811,1890,Gneiss,Rock,0.954,Marginally Stable,14,2023-04-14
61,28,100,SL00061,28.71357,92.975678,28.72357,92.985678,28.9,4498,E,812,1236,Phyllite,Loam,1.697,Critical,3,2015-11-20
62,43,126,SL00062,29.791729,97.703065,29.801729,97.713065,44.8,2950,SW,3515,4033,Limestone,Loam,1.715,Unstable,2,2013-01-02
63,21,31,SL00063,23.978944,99.136669,23.988944,99.146669,33.7,3526,E,1458,1900,Sandstone,Loam,1.571,Critical,5,2022-06-12
64,11,126,SL00064,22.615301,90.779459,22.625301,90.789459,57.1,178,NW,739,928,Schist,Silt,2.244,Critical,13,2021-01-11
65,27,182,SL00065,25.413235,90.65512,25.423235,90.66512,19.1,1906,S,552,635,Phyllite,Loam,2.112,Unstable,5,2020-04-04
66,37,191,SL00066,26.930629,94.677688,26.940629,94.687688,40.5,4549,SW,1235,1327,Gneiss,Silt,1.109,Marginally Stable,13,2012-04-18
67,48,168,SL00067,26.942407,94.764725,26.952407,94.774725,65.0,812,NW,3984,4154,Schist,Loam,1.099,Unstable,13,2013-09-21
68,40,36,SL00068,28.17791,97.874118,28.18791,97.884118,55.3,4989,E,3173,3554,Gneiss,Sandy Loam,1.611,Unstable,8,2021-07-16
69,58,174,SL00069,27.388109,94.162353,27.398109,94.172353,52.5,2371,E,3671,3856,Schist,Loam,2.346,Unstable,7,2018-10-23
70,32,37,SL00070,25.473955,95.69653,25.483955,95.70653,35.7,862,W,4002,4579,Gneiss,Sandy Loam,0.743,Unstable,14,2020-12-12
71,21,149,SL00071,23.837284,99.530981,23.847284,99.540981,51.6,3034,NE,4055,4652,Sandstone,Loam,1.806,Critical,6,2021-02-04
72,18,83,SL00072,29.039506,98.567453,29.049506,98.577453,43.9,496,N,4275,4426,Gneiss,Silt,2.098,Stable,3,2013-07-18
73,29,117,SL00073,25.694306,99.121619,25.704306,99.131619,25.1,2572,E,1380,1710,Granite,Sandy Loam,2.276,Unstable,2,2018-05-05
74,43,167,SL00074,29.574415,97.557405,29.584415,97.567405,30.3,847,NE,2218,2269,Schist,Silt,1.416,Stable,4,2023-04-26
75,15,133,SL00075,27.05619,98.322672,27.06619,98.332672,49.8,3559,E,1287,1826,Granite,Loam,2.477,Critical,2,2012-04-19
76,7,81,SL00076,26.280037,92.083953,26.290037,92.093953,34.1,1270,NE,1390,1983,Limestone,Clay,1.819,Marginally Stable,14,2017-11-16
77,47,55,SL00077,29.704848,99.015124,29.714848,99.025124,35.6,810,NE,3924,4117,Granite,Rock,2.234,Critical,11,2019-08-19
78,21,36,SL00078,23.984472,99.453272,23.994472,99.463272,27.4,319,S,2634,2894,Limestone,Rock,2.08,Marginally Stable,12,2016-08-18
79,42,14,SL00079,22.196281,97.397167,22.206281,97.407167,27.0,4192,NE,3461,4051,Granite,Sandy Loam,0.814,Unstable,4,2018-09-04
80,56,146,SL00080,29.383818,97.580514,29.393818,97.590514,23.6,697,N,4158,4277,Granite,Sandy Loam,2.413,Marginally Stable,1,2011-05-11
81,61,102,SL00081,26.711466,90.149042,26.721466,90.159042,40.1,3395,NE,3703,4302,Limestone,Rock,1.405,Marginally Stable,8,2011-11-16
82,20,21,SL00082,23.307983,93.374618,23.317983,93.384618,55.4,4904,NE,4694,5061,Gneiss,Silt,1.221,Marginally Stable,1,2015-06-26
83,6,112,SL00083,26.259592,97.227578,26.269592,97.237578,17.8,1224,N,1738,1955,Sandstone,Sandy Loam,0.827,Unstable,5,2018-05-05
84,9,192,SL00084,27.753774,93.263759,27.763774,93.273759,59.3,3617,S,540,1126,Granite,Sandy Loam,1.237,Stable,15,2020-03-17
85,33,93,SL00085,23.487863,100.191016,23.497863,100.201016,23.3,942,NE,1588,1871,Gneiss,Rock,1.085,Stable,1,2010-04-11
86,16,12,SL00086,23.521359,90.625388,23.531359,90.635388,22.5,3535,SE,589,968,Schist,Silt,1.65,Unstable,8,2011-10-01
87,37,96,SL00087,26.538741,94.784495,26.548741,94.794495,17.6,476,W,2128,2248,Sandstone,Sandy Loam,2.128,Unstable,10,2011-12-09
88,36,117,SL00088,25.082082,90.455703,25.092082,90.465703,43.2,2087,NW,2789,3216,Limestone,Silt,2.005,Marginally Stable,7,2013-05-18
89,1,105,SL00089,26.829746,90.275027,26.839746,90.285027,46.8,111,W,378,742,Granite,Loam,2.407,Marginally Stable,13,2021-01-13
90,62,16,SL00090,27.332336,92.074824,27.342336,92.084824,29.0,4357,W,659,1090,Sandstone,Clay,2.35,Stable,4,2024-04-17
91,53,101,SL00091,27.871598,91.324592,27.881598,91.334592,36.7,2238,SW,1370,1822,Gneiss,Sandy Loam,1.05,Unstable,14,2016-02-06
92,15,20,SL00092,27.214333,98.398767,27.224333,98.408767,53.5,1446,NW,1192,1719,Phyllite,Silt,0.895,Stable,11,2014-08-28
93,29,79,SL00093,25.971908,99.058289,25.981908,99.068289,19.5,430,SE,2792,3177,Schist,Clay,2.17,Marginally Stable,11,2018-11-21
94,33,13,SL00094,23.86091,99.8315,23.87091,99.8415,64.5,3804,SE,554,700,Sandstone,Clay,2.409,Marginally Stable,3,2010-04-08
95,4,200,SL00095,27.01344,90.096229,27.02344,90.106229,56.2,788,S,3349,3475,Granite,Clay,1.904,Marginally Stable,14,2012-11-21
96,6,85,SL00096,26.263517,97.425568,26.273517,97.435568,17.5,3335,NW,3848,3928,Sandstone,Silt,2.161,Marginally Stable,11,2014-10-25
97,59,48,SL00097,25.476889,92.446707,25.486889,92.456707,22.4,4186,W,2313,2853,Granite,Clay,1.83,Unstable,12,2013-01-29
98,27,52,SL00098,25.294892,90.840219,25.304892,90.850219,27.5,3233,SW,4753,5294,Limestone,Silt,2.11,Unstable,10,2018-09-17
99,18,47,SL00099,28.558138,98.72307,28.568138,98.73307,16.5,3964,SW,2601,2889,Schist,Clay,0.711,Marginally Stable,7,2015-12-24
100,35,189,SL00100,22.956245,91.897635,22.966245,91.907635,26.0,1523,E,3481,3773,Limestone,Sandy Loam,1.274,Unstable,0,2017-11-20
101,61,146,SL00101,26.745664,90.109765,26.755664,90.119765,24.4,1538,NW,4332,4420,Granite,Clay,1.63,Marginally Stable,7,2010-06-13
102,34,123,SL00102,25.64851,97.808538,25.65851,97.818538,25.1,1553,SW,1368,1478,Granite,Loam,1.247,Marginally Stable,3,2021-10-21
103,56,94,SL00103,29.707635,97.476854,29.717635,97.486854,62.1,2857,S,3540,3920,Schist,Loam,1.713,Critical,15,2024-07-24
104,21,45,SL00104,24.26011,99.403686,24.27011,99.413686,59.5,4924,E,3223,3660,Phyllite,Sandy Loam,1.024,Marginally Stable,5,2010-01-15
105,61,180,SL00105,26.976719,90.006861,26.986719,90.016861,64.7,2706,SE,565,721,Sandstone,Loam,0.946,Unstable,2,2015-05-04
106,23,82,SL00106,27.633732,91.865192,27.643732,91.875192,19.4,2272,SE,3050,3355,Gneiss,Clay,1.449,Unstable,8,2012-06-04
107,47,1,SL00107,29.356888,99.187232,29.366888,99.197232,36.0,4139,W,1662,2071,Limestone,Silt,2.281,Stable,15,2022-12-19
108,42,195,SL00108,22.138296,97.018494,22.148296,97.028494,18.7,2710,S,573,730,Granite,Sandy Loam,1.16,Marginally Stable,12,2013-08-11
109,47,20,SL00109,29.656228,99.463175,29.666228,99.473175,19.7,3633,E,4254,4748,Schist,Clay,1.939,Stable,10,2014-08-11
110,13,105,SL00110,26.408118,99.864423,26.418118,99.874423,51.5,2536,SE,2473,2621,Granite,Silt,1.855,Critical,4,2011-03-23
111,24,1,SL00111,24.116164,99.13063,24.126164,99.14063,48.1,310,SE,4234,4458,Gneiss,Sandy Loam,0.979,Stable,15,2012-08-04
112,20,102,SL00112,23.283767,93.789626,23.293767,93.799626,28.3,3139,W,4757,5185,Schist,Silt,1.336,Stable,8,2019-11-12
113,30,68,SL00113,25.506545,92.509937,25.516545,92.519937,18.1,2916,W,1092,1374,Limestone,Clay,0.763,Critical,13,2022-01-04
114,44,122,SL00114,29.344629,98.546585,29.354629,98.556585,29.9,384,E,3534,3707,Sandstone,Loam,2.315,Marginally Stable,6,2014-04-28
115,9,11,SL00115,27.539125,93.695468,27.549125,93.705468,36.8,2212,SW,1511,1629,Granite,Silt,2.185,Critical,10,2016-03-12
116,34,118,SL00116,26.198397,97.265218,26.208397,97.275218,50.0,1021,W,4580,4783,Schist,Rock,2.085,Stable,3,2022-08-15
117,50,26,SL00117,24.087047,92.629185,24.097047,92.639185,59.0,4077,NW,3666,3754,Schist,Sandy Loam,1.102,Critical,4,2023-11-13
118,39,175,SL00118,27.558497,90.86877,27.568497,90.87877,59.5,503,NW,3015,3340,Phyllite,Clay,1.912,Unstable,9,2016-12-22
119,18,126,SL00119,29.057441,98.775711,29.067441,98.785711,63.6,3729,SW,2167,2492,Gneiss,Silt,0.855,Stable,6,2019-11-28
120,14,105,SL00120,22.774967,93.087496,22.784967,93.097496,58.4,1402,NE,760,1128,Gneiss,Rock,1.579,Critical,4,2021-10-04
121,57,146,SL00121,23.326569,92.932858,23.336569,92.942858,56.6,3839,N,772,1191,Gneiss,Loam,1.074,Unstable,11,2020-05-30
122,33,102,SL00122,23.835846,99.749724,23.845846,99.759724,16.5,3754,E,3351,3886,Limestone,Rock,1.529,Unstable,11,2013-09-01
123,54,67,SL00123,29.724177,91.76461,29.734177,91.77461,29.3,4787,SE,3466,3742,Gneiss,Loam,0.694,Marginally Stable,8,2024-08-12
124,27,132,SL00124,24.921331,90.830082,24.931331,90.840082,53.4,1183,E,372,430,Schist,Sandy Loam,1.501,Unstable,8,2019-07-04
125,58,97,SL00125,27.409952,94.356399,27.419952,94.366399,25.9,3353,NE,2775,2832,Limestone,Sandy Loam,1.887,Unstable,9,2012-06-04
126,31,17,SL00126,27.86167,95.25569,27.87167,95.26569,31.3,2547,SE,2568,2771,Limestone,Loam,1.096,Stable,12,2024-10-25
127,21,175,SL00127,23.919758,99.081773,23.929758,99.091773,39.9,3528,W,2721,3168,Gneiss,Clay,1.093,Marginally Stable,10,2014-12-27
128,44,137,SL00128,29.383988,98.690641,29.393988,98.700641,62.0,1492,E,3236,3586,Granite,Silt,1.564,Marginally Stable,8,2022-07-16
129,49,47,SL00129,29.700954,99.026955,29.710954,99.036955,47.7,2615,W,2120,2509,Phyllite,Sandy Loam,1.275,Unstable,14,2012-08-22
130,31,14,SL00130,28.179736,95.439945,28.189736,95.449945,62.2,1693,NE,883,1323,Limestone,Sandy Loam,1.497,Critical,1,2013-05-20
131,9,52,SL00131,27.490702,93.694815,27.500702,93.704815,59.6,1577,NE,4048,4597,Phyllite,Loam,0.872,Unstable,1,2010-02-08
132,29,71,SL00132,25.819529,99.010925,25.829529,99.020925,43.8,821,E,1597,2091,Gneiss,Silt,1.53,Critical,13,2020-09-15
133,25,2,SL00133,26.178235,96.665749,26.188235,96.675749,33.7,4450,SE,415,483,Gneiss,Clay,2.295,Marginally Stable,7,2017-09-21
134,20,34,SL00134,23.062825,93.554702,23.072825,93.564702,30.3,2542,S,834,1350,Gneiss,Rock,2.165,Unstable,13,2013-01-01
135,22,126,SL00135,22.486751,96.162856,22.496751,96.172856,62.4,1937,E,3604,3870,Gneiss,Clay,0.636,Marginally Stable,3,2018-03-23
136,46,167,SL00136,23.397976,97.550215,23.407976,97.560215,47.0,4965,N,4680,4840,Gneiss,Clay,1.784,Stable,3,2019-05-08
137,29,98,SL00137,25.768057,98.698443,25.778057,98.708443,50.1,176,S,1983,2463,Gneiss,Clay,1.921,Unstable,4,2019-05-25
138,54,27,SL00138,29.581751,91.721919,29.591751,91.731919,29.1,1736,S,1170,1755,Schist,Sandy Loam,1.546,Critical,9,2013-08-06
139,3,141,SL00139,27.411413,98.746416,27.421413,98.756416,61.7,204,NE,3008,3171,Limestone,Silt,1.046,Marginally Stable,2,2021-06-23
140,5,186,SL00140,23.883246,95.296468,23.893246,95.306468,47.2,2525,S,4041,4566,Granite,Clay,2.478,Marginally Stable,1,2016-07-08
141,24,174,SL00141,24.047224,99.397024,24.057224,99.407024,19.7,1233,E,675,1061,Phyllite,Silt,0.618,Unstable,2,2018-05-11
142,53,88,SL00142,27.936422,91.224367,27.946422,91.234367,63.1,4017,W,2526,2746,Granite,Loam,2.188,Stable,5,2012-04-29
143,27,152,SL00143,25.198905,90.703266,25.208905,90.713266,36.9,336,E,3410,3954,Sandstone,Clay,2.08,Critical,14,2011-01-12
144,5,67,SL00144,23.842084,94.761016,23.852084,94.771016,58.4,4823,SE,4599,4995,Limestone,Rock,2.058,Stable,13,2024-11-03
145,47,64,SL00145,29.617158,99.322526,29.627158,99.332526,47.1,4673,N,1517,1578,Gneiss,Loam,2.194,Critical,15,2013-09-16
146,5,193,SL00146,23.744089,94.898135,23.754089,94.908135,63.5,4609,W,712,1174,Schist,Clay,1.563,Critical,14,2022-11-08
147,29,23,SL00147,26.207854,98.815041,26.217854,98.825041,20.9,245,NE,4374,4837,Sandstone,Clay,2.016,Stable,2,2023-07-21
148,62,159,SL00148,27.131323,92.523467,27.141323,92.533467,43.1,3076,N,4037,4315,Sandstone,Sandy Loam,2.406,Critical,11,2020-02-25
149,8,25,SL00149,24.381092,98.526048,24.391092,98.536048,32.1,3162,NE,2691,2787,Schist,Silt,1.641,Marginally Stable,13,2012-05-26
150,17,157,SL00150,23.640753,92.666347,23.650753,92.676347,57.6,1661,SW,2066,2226,Sandstone,Clay,1.468,Stable,14,2020-04-04
151,43,151,SL00151,30.048814,97.400382,30.058814,97.410382,39.9,4632,W,4644,5188,Limestone,Loam,1.999,Marginally Stable,4,2012-04-28
152,25,169,SL00152,26.515928,97.075718,26.525928,97.085718,40.2,2133,S,3451,3908,Phyllite,Sandy Loam,1.395,Critical,4,2013-02-05
153,27,155,SL00153,25.329309,90.810956,25.339309,90.820956,29.9,4634,SE,4787,5042,Schist,Rock,2.235,Unstable,11,2012-12-22
154,46,167,SL00154,23.507808,97.431788,23.517808,97.441788,42.1,2985,NW,2940,3417,Gneiss,Rock,1.95,Unstable,13,2010-04-15
155,34,28,SL00155,25.663263,97.344996,25.673263,97.354996,48.5,1418,S,1937,2243,Schist,Clay,1.107,Unstable,6,2022-02-20
156,3,92,SL00156,27.602016,98.683288,27.612016,98.693288,58.4,4697,W,2137,2430,Limestone,Sandy Loam,2.011,Stable,12,2018-09-10
157,27,176,SL00157,25.096892,90.693175,25.106892,90.703175,15.6,3729,SE,2358,2784,Limestone,Rock,0.986,Marginally Stable,6,2016-08-06
158,29,46,SL00158,26.283972,98.591481,26.293972,98.601481,63.1,432,W,4509,4844,Limestone,Sandy Loam,0.827,Marginally Stable,5,2023-02-06
159,55,66,SL00159,28.682887,94.211199,28.692887,94.221199,61.9,2742,N,627,985,Sandstone,Rock,0.892,Unstable,2,2017-02-16
160,34,57,SL00160,26.222293,97.570164,26.232293,97.580164,54.3,4499,W,1605,1749,Phyllite,Loam,1.39,Marginally Stable,10,2017-06-05
161,24,76,SL00161,23.990667,99.405493,24.000667,99.415493,41.5,2934,NW,372,668,Gneiss,Rock,0.818,Marginally Stable,1,2017-03-14
162,25,30,SL00162,26.387126,96.870242,26.397126,96.880242,29.1,3171,NW,4534,5082,Granite,Sandy Loam,2.162,Marginally Stable,10,2021-07-11
163,6,25,SL00163,26.290437,97.433966,26.300437,97.443966,41.9,1826,SE,360,844,Granite,Loam,1.791,Critical,2,2013-06-13
164,2,118,SL00164,24.089221,91.118132,24.099221,91.128132,18.7,4671,NE,1758,2041,Phyllite,Silt,2.109,Critical,14,2024-02-19
165,26,111,SL00165,23.722243,90.254701,23.732243,90.264701,20.9,618,N,348,472,Phyllite,Rock,1.819,Stable,9,2016-10-04
166,39,23,SL00166,27.31121,91.401515,27.32121,91.411515,34.1,4470,SE,552,741,Gneiss,Silt,1.501,Unstable,4,2016-09-07
167,44,187,SL00167,29.389764,98.979635,29.399764,98.989635,15.6,141,W,1458,2058,Limestone,Clay,0.834,Unstable,6,2017-09-17
168,14,106,SL00168,22.873777,93.142675,22.883777,93.152675,22.1,2170,SE,1807,1974,Schist,Rock,1.019,Stable,14,2024-06-17
169,36,19,SL00169,25.251692,90.375718,25.261692,90.385718,19.9,3025,E,4291,4581,Granite,Sandy Loam,2.408,Stable,6,2017-02-16
170,32,116,SL00170,25.324508,95.930953,25.334508,95.940953,49.7,3085,SW,1548,2036,Schist,Clay,1.675,Unstable,7,2014-12-20
171,46,190,SL00171,23.307203,97.491108,23.317203,97.501108,33.0,3891,NW,3016,3433,Phyllite,Silt,2.268,Stable,5,2024-06-24
172,39,21,SL00172,27.647376,91.360728,27.657376,91.370728,22.0,726,NE,4712,4781,Limestone,Clay,0.973,Critical,6,2010-10-28
173,36,67,SL00173,25.403382,90.934537,25.413382,90.944537,38.6,1929,S,1517,1704,Sandstone,Rock,1.295,Stable,12,2018-02-28
174,33,3,SL00174,23.852207,100.184189,23.862207,100.194189,55.3,1249,NW,1658,1871,Schist,Rock,2.039,Marginally Stable,15,2018-01-18
175,3,57,SL00175,27.570483,98.76085,27.580483,98.77085,28.2,1793,SW,2217,2664,Sandstone,Silt,0.681,Stable,1,2024-07-18
176,21,27,SL00176,24.258042,99.379324,24.268042,99.389324,56.5,4770,E,2457,2892,Gneiss,Silt,1.699,Unstable,2,2021-08-03
177,17,97,SL00177,24.106804,92.72764,24.116804,92.73764,35.3,4049,N,3126,3689,Schist,Silt,1.525,Marginally Stable,7,2011-09-24
178,33,165,SL00178,23.623086,99.765544,23.633086,99.775544,22.9,3496,SW,1269,1435,Sandstone,Silt,1.856,Critical,6,2023-04-02
179,11,166,SL00179,22.942019,90.680668,22.952019,90.690668,17.2,4299,N,1619,1819,Granite,Loam,0.856,Unstable,5,2021-08-03
180,62,104,SL00180,27.108415,92.327563,27.118415,92.337563,15.9,1874,NW,2622,3154,Sandstone,Loam,2.4,Marginally Stable,13,2023-06-24
181,10,150,SL00181,23.914772,97.44403,23.924772,97.45403,48.0,2907,NW,2466,2586,Schist,Silt,0.919,Critical,4,2012-06-08
182,2,52,SL00182,23.972727,91.641004,23.982727,91.651004,49.2,1553,NW,1525,1614,Limestone,Rock,1.75,Stable,2,2020-10-25
183,43,34,SL00183,30.016291,97.643172,30.026291,97.653172,15.1,3134,N,3834,4426,Sandstone,Loam,1.592,Critical,12,2017-11-11
184,38,190,SL00184,30.013315,98.810114,30.023315,98.820114,43.8,4008,SE,3785,3920,Phyllite,Rock,0.854,Critical,8,2014-03-29
185,1,182,SL00185,27.261587,89.954368,27.271587,89.964368,41.1,1782,SW,4557,5025,Phyllite,Clay,0.614,Marginally Stable,13,2024-08-12
186,38,65,SL00186,29.625382,98.629463,29.635382,98.639463,43.2,3355,SE,2557,3030,Limestone,Rock,2.484,Critical,5,2018-04-21
187,36,143,SL00187,25.367556,90.928405,25.377556,90.938405,43.9,1075,SE,3561,4068,Gneiss,Loam,1.998,Stable,6,2021-05-27
188,26,87,SL00188,24.012912,90.389415,24.022912,90.399415,49.2,143,NE,726,924,Sandstone,Rock,0.905,Critical,2,2011-06-09
189,17,57,SL00189,23.745701,92.959317,23.755701,92.969317,51.2,4368,S,3582,3690,Schist,Silt,1.767,Critical,0,2014-07-11
190,55,169,SL00190,29.237955,94.242292,29.247955,94.252292,24.7,1997,E,4482,4568,Phyllite,Loam,1.58,Stable,5,2011-12-13
191,18,200,SL00191,28.78216,98.766597,28.79216,98.776597,35.3,662,NE,1940,2281,Gneiss,Rock,1.584,Unstable,11,2016-03-15
192,15,156,SL00192,27.226034,98.589955,27.236034,98.599955,35.2,3435,NE,338,462,Limestone,Sandy Loam,1.096,Unstable,3,2021-07-06
193,62,66,SL00193,27.274468,92.477288,27.284468,92.487288,43.7,4713,NW,3927,4226,Phyllite,Silt,2.436,Critical,0,2020-10-23
194,8,67,SL00194,23.966033,98.773197,23.976033,98.783197,64.7,3478,SW,2183,2761,Limestone,Clay,2.12,Unstable,7,2016-06-11
195,6,103,SL00195,26.594219,97.352845,26.604219,97.362845,18.8,2996,SE,1762,2087,Schist,Loam,1.505,Critical,6,2015-04-08
196,48,62,SL00196,27.015245,94.710167,27.025245,94.720167,25.1,3016,E,2345,2504,Granite,Clay,2.189,Critical,0,2022-02-22
197,62,11,SL00197,27.257606,92.212118,27.267606,92.222118,30.8,4287,S,2550,3007,Schist,Rock,1.533,Marginally Stable,1,2021-10-16
198,52,109,SL00198,28.515192,99.804261,28.525192,99.814261,40.1,1531,NW,3525,3698,Gneiss,Rock,2.235,Critical,10,2010-03-10
199,1,173,SL00199,26.941851,90.298705,26.951851,90.308705,31.3,2253,SE,2427,2752,Sandstone,Rock,0.956,Unstable,11,2014-02-15
200,32,109,SL00200,25.253819,95.955728,25.263819,95.965728,33.6,1573,E,3581,3865,Granite,Sandy Loam,1.131,Marginally Stable,13,2018-07-18
201,13,38,SL00201,26.469822,99.874325,26.479822,99.884325,38.6,4192,E,379,958,Limestone,Sandy Loam,0.936,Critical,9,2015-08-18
202,36,146,SL00202,25.105926,90.394685,25.115926,90.404685,23.2,4003,NE,2065,2575,Gneiss,Sandy Loam,2.146,Unstable,11,2018-01-30
203,36,143,SL00203,25.636407,90.489929,25.646407,90.499929,16.0,1729,E,1293,1634,Phyllite,Sandy Loam,1.267,Critical,14,2011-10-05
204,25,158,SL00204,26.327514,96.925127,26.337514,96.935127,22.2,2863,W,1672,2136,Granite,Clay,1.817,Marginally Stable,10,2015-02-13
205,21,82,SL00205,24.227608,99.49276,24.237608,99.50276,45.3,3744,SW,3539,4122,Sandstone,Silt,1.115,Marginally Stable,5,2010-07-09
206,9,187,SL00206,27.425876,93.253488,27.435876,93.263488,52.2,3352,NE,955,1102,Granite,Silt,1.0,Stable,0,2018-11-27
207,34,196,SL00207,26.245708,97.320157,26.255708,97.330157,45.9,3293,S,990,1274,Schist,Sandy Loam,1.844,Critical,4,2012-12-11
208,34,44,SL00208,25.665243,97.655929,25.675243,97.665929,58.0,3927,S,2964,3469,Schist,Rock,2.242,Marginally Stable,14,2024-02-26
209,48,163,SL00209,27.017976,94.847086,27.027976,94.857086,47.0,2944,NW,4672,4954,Granite,Silt,1.188,Unstable,11,2019-03-31
210,17,40,SL00210,23.705344,92.593955,23.715344,92.603955,55.8,3943,N,1416,1969,Sandstone,Sandy Loam,1.253,Stable,13,2016-07-27
211,39,60,SL00211,27.62036,91.174427,27.63036,91.184427,24.4,1437,W,3880,4317,Schist,Sandy Loam,1.35,Stable,13,2024-01-10
212,16,133,SL00212,23.697023,90.941573,23.707023,90.951573,55.4,4457,S,2527,2999,Schist,Clay,1.141,Marginally Stable,4,2016-06-30
213,8,164,SL00213,24.198706,98.66466,24.208706,98.67466,50.0,258,E,4330,4430,Limestone,Clay,0.957,Marginally Stable,3,2016-04-30
214,18,33,SL00214,28.971618,98.801064,28.981618,98.811064,26.6,1879,SW,1534,2014,Phyllite,Silt,0.628,Unstable,14,2010-09-17
215,22,21,SL00215,22.777328,96.620786,22.787328,96.630786,17.8,3951,E,3514,3760,Phyllite,Silt,0.736,Stable,3,2015-08-02
216,25,198,SL00216,26.740583,96.694397,26.750583,96.704397,64.7,869,SE,1931,2465,Sandstone,Sandy Loam,1.476,Unstable,5,2024-02-11
217,47,11,SL00217,29.774835,99.254048,29.784835,99.264048,21.1,1727,SW,4242,4345,Gneiss,Loam,1.813,Stable,7,2024-03-12
218,28,84,SL00218,28.719941,93.323434,28.729941,93.333434,44.2,173,N,3542,4078,Gneiss,Rock,2.099,Marginally Stable,11,2012-01-04
219,16,41,SL00219,23.538252,90.807167,23.548252,90.817167,31.9,1360,NE,791,969,Sandstone,Loam,0.714,Unstable,11,2019-11-03
220,47,50,SL00220,29.340812,99.150961,29.350812,99.160961,51.2,4075,NW,2353,2704,Limestone,Silt,2.307,Marginally Stable,5,2022-03-12
221,23,83,SL00221,27.972441,91.499195,27.982441,91.509195,56.6,1369,NW,1613,1965,Phyllite,Rock,0.731,Unstable,14,2010-01-06
222,50,164,SL00222,23.919175,92.548895,23.929175,92.558895,59.1,2056,SW,3282,3396,Gneiss,Rock,2.074,Critical,6,2021-10-03
223,44,128,SL00223,29.46044,98.497679,29.47044,98.507679,29.2,1004,NE,3657,4242,Gneiss,Clay,1.818,Stable,4,2014-01-03
224,56,9,SL00224,29.252547,97.543922,29.262547,97.553922,19.9,4407,S,3483,3583,Phyllite,Loam,1.85,Stable,0,2014-09-06
225,42,126,SL00225,22.283042,97.420147,22.293042,97.430147,38.4,3507,SW,797,906,Limestone,Sandy Loam,1.286,Stable,2,2016-10-25
226,5,56,SL00226,24.025452,94.811872,24.035452,94.821872,51.3,1682,SE,4655,4888,Limestone,Rock,1.332,Critical,3,2024-04-28
227,37,92,SL00227,26.871796,94.80203,26.881796,94.81203,36.4,1577,W,1152,1718,Phyllite,Loam,0.917,Critical,11,2017-01-25
228,36,84,SL00228,25.584212,90.582706,25.594212,90.592706,46.7,4713,SE,2949,3383,Limestone,Sandy Loam,1.756,Unstable,14,2020-01-14
229,62,102,SL00229,26.748917,92.010198,26.758917,92.020198,29.2,2572,N,433,790,Schist,Loam,1.583,Unstable,0,2016-03-10
230,59,142,SL00230,25.618663,92.521501,25.628663,92.531501,43.6,3013,E,1072,1263,Phyllite,Sandy Loam,0.672,Marginally Stable,7,2015-10-01
231,52,77,SL00231,28.283343,99.719679,28.293343,99.729679,60.9,4052,E,932,1481,Gneiss,Rock,1.975,Stable,9,2010-11-03
232,47,148,SL00232,29.556928,99.392373,29.566928,99.402373,61.1,3657,W,3039,3212,Schist,Rock,1.261,Stable,12,2011-03-20
233,20,135,SL00233,23.025909,93.576658,23.035909,93.586658,22.5,1354,N,4415,4867,Sandstone,Rock,1.926,Stable,7,2019-09-09
234,19,101,SL00234,24.012607,96.258501,24.022607,96.268501,38.8,2250,NE,703,1161,Limestone,Silt,1.641,Marginally Stable,4,2020-10-14
235,36,51,SL00235,25.370017,90.726649,25.380017,90.736649,24.8,686,S,4594,5084,Phyllite,Rock,1.068,Stable,3,2019-04-12
236,28,94,SL00236,28.919885,93.039243,28.929885,93.049243,44.7,1486,SW,498,1000,Limestone,Loam,2.062,Critical,1,2015-03-28
237,13,176,SL00237,26.214092,99.88584,26.224092,99.89584,57.6,2091,E,1220,1564,Granite,Sandy Loam,2.005,Stable,9,2020-02-04
238,31,6,SL00238,27.859026,95.533808,27.869026,95.543808,25.6,2218,NW,4776,4970,Gneiss,Clay,1.594,Critical,1,2015-09-24
239,11,16,SL00239,22.612408,91.140713,22.622408,91.150713,45.9,168,NE,734,1181,Gneiss,Sandy Loam,1.483,Unstable,3,2010-06-06
240,19,167,SL00240,24.155714,96.644676,24.165714,96.654676,40.4,4070,NE,1115,1355,Schist,Rock,2.317,Critical,0,2010-11-22
241,16,136,SL00241,23.421257,90.68956,23.431257,90.69956,52.2,2982,SW,450,809,Schist,Rock,1.259,Unstable,1,2024-01-14
242,17,100,SL00242,24.057441,93.082815,24.067441,93.092815,16.5,2899,W,2595,2785,Granite,Silt,1.029,Marginally Stable,13,2015-05-24
243,37,40,SL00243,26.722979,94.56793,26.732979,94.57793,45.3,1793,E,3979,4236,Schist,Sandy Loam,1.63,Marginally Stable,13,2013-04-04
244,42,145,SL00244,22.276267,97.111398,22.286267,97.121398,42.9,1292,N,1269,1645,Sandstone,Silt,0.95,Unstable,14,2024-04-14
245,60,190,SL00245,24.568978,96.050565,24.578978,96.060565,20.3,2286,SE,1813,2100,Schist,Clay,0.65,Unstable,2,2020-09-09
246,9,129,SL00246,27.792783,93.383758,27.802783,93.393758,47.5,4125,NW,1807,1997,Schist,Loam,2.219,Marginally Stable,1,2019-03-02
247,49,4,SL00247,29.688061,99.057319,29.698061,99.067319,26.1,641,E,1961,2460,Limestone,Silt,2.04,Unstable,14,2015-07-15
248,28,104,SL00248,29.176629,93.211558,29.186629,93.221558,56.2,4785,N,2863,3446,Granite,Silt,1.349,Critical,1,2015-07-06
249,34,138,SL00249,25.885467,97.698902,25.895467,97.708902,42.9,503,SE,4528,4876,Sandstone,Silt,2.054,Unstable,9,2020-05-07
250,11,109,SL00250,22.618652,91.21862,22.628652,91.22862,49.5,3800,NE,1465,2027,Granite,Loam,1.481,Marginally Stable,12,2019-04-11
251,21,116,SL00251,23.850747,99.338708,23.860747,99.348708,59.8,838,S,1954,2335,Gneiss,Loam,2.277,Stable,2,2012-07-24
252,46,116,SL00252,23.303143,97.376284,23.313143,97.386284,50.4,1409,W,4491,4930,Granite,Loam,1.763,Unstable,4,2013-08-21
253,56,38,SL00253,29.23862,97.679928,29.24862,97.689928,36.0,3755,S,2835,3070,Granite,Loam,1.987,Marginally Stable,0,2023-12-19
254,49,65,SL00254,29.140125,98.785777,29.150125,98.795777,39.9,4142,SE,347,619,Limestone,Silt,1.755,Critical,13,2019-11-29
255,6,154,SL00255,26.550061,97.007028,26.560061,97.017028,42.4,1314,N,2000,2407,Granite,Loam,0.693,Stable,9,2017-06-05
256,59,23,SL00256,25.341319,92.429274,25.351319,92.439274,23.9,4973,E,2629,3145,Gneiss,Rock,1.761,Unstable,1,2012-02-02
257,50,77,SL00257,23.809293,92.647218,23.819293,92.657218,56.0,631,S,3800,4332,Schist,Clay,2.202,Unstable,10,2021-10-27
258,27,135,SL00258,25.035207,90.487331,25.045207,90.497331,17.9,4062,S,4633,5120,Limestone,Sandy Loam,2.476,Unstable,11,2012-11-28
259,40,145,SL00259,28.004838,97.823511,28.014838,97.833511,39.9,2006,S,1773,2021,Granite,Clay,2.279,Stable,14,2024-01-11
260,51,31,SL00260,29.718081,90.680899,29.728081,90.690899,45.8,2834,SW,3696,3963,Granite,Loam,1.387,Unstable,8,2011-07-10
261,20,77,SL00261,23.305214,93.447054,23.315214,93.457054,15.3,4760,N,3030,3259,Schist,Sandy Loam,1.249,Unstable,15,2020-08-23
262,52,10,SL00262,28.615591,99.768697,28.625591,99.778697,46.4,3888,W,4698,4805,Limestone,Sandy Loam,2.302,Unstable,0,2014-09-03
263,37,176,SL00263,26.666132,94.930212,26.676132,94.940212,54.8,2397,N,842,1239,Sandstone,Rock,2.442,Marginally Stable,12,2014-03-16
264,39,30,SL00264,27.661056,91.296424,27.671056,91.306424,50.3,2324,W,2876,3014,Sandstone,Loam,1.949,Unstable,14,2016-10-15
265,14,135,SL00265,22.511791,92.699139,22.521791,92.709139,54.2,3735,N,1955,2499,Limestone,Loam,2.335,Marginally Stable,10,2020-11-04
266,47,135,SL00266,29.514215,99.120703,29.524215,99.130703,53.5,4328,E,1104,1364,Gneiss,Clay,2.162,Critical,12,2021-09-19
267,8,2,SL00267,24.112089,98.419418,24.122089,98.429418,57.4,477,NE,1013,1596,Gneiss,Sandy Loam,1.233,Stable,9,2024-04-30
268,58,54,SL00268,27.091528,94.196527,27.101528,94.206527,28.8,1063,S,2914,3116,Schist,Sandy Loam,2.068,Stable,0,2023-12-22
269,36,132,SL00269,25.138725,90.660817,25.148725,90.670817,42.5,2420,SE,2520,2745,Granite,Sandy Loam,0.869,Unstable,14,2011-02-20
270,9,8,SL00270,27.567541,93.507798,27.577541,93.517798,20.3,3310,E,740,1246,Limestone,Sandy Loam,0.764,Unstable,10,2014-06-12
271,46,195,SL00271,23.325222,97.645191,23.335222,97.655191,63.7,861,NW,4114,4263,Sandstone,Sandy Loam,1.679,Critical,15,2015-03-14
272,61,58,SL00272,26.493733,90.309321,26.503733,90.319321,27.9,2806,SW,3277,3791,Sandstone,Clay,1.345,Stable,15,2012-07-13
273,23,123,SL00273,27.809745,91.436481,27.819745,91.446481,53.4,3423,NE,1343,1726,Limestone,Clay,1.565,Unstable,14,2018-12-28
274,38,106,SL00274,29.611745,98.454015,29.621745,98.464015,23.0,2891,SE,4251,4742,Sandstone,Rock,1.329,Unstable,7,2013-11-18
275,43,172,SL00275,29.521837,97.878118,29.531837,97.888118,43.7,4983,NW,4286,4669,Limestone,Clay,0.817,Critical,5,2016-11-28
276,62,104,SL00276,26.790565,92.054647,26.800565,92.064647,55.7,603,NE,3404,3676,Schist,Rock,1.222,Stable,4,2024-10-27
277,10,116,SL00277,23.741253,97.56889,23.751253,97.57889,43.9,2693,S,1902,2263,Sandstone,Sandy Loam,0.991,Stable,0,2023-09-19
278,33,104,SL00278,23.963182,100.186903,23.973182,100.196903,18.1,106,SW,4796,4958,Phyllite,Clay,2.439,Marginally Stable,13,2023-03-28
279,26,161,SL00279,23.723276,90.250674,23.733276,90.260674,34.1,1520,NW,4765,4957,Schist,Rock,1.001,Critical,11,2019-05-11
280,10,74,SL00280,24.020974,97.73694,24.030974,97.74694,21.7,1279,NW,887,1384,Schist,Clay,1.832,Marginally Stable,13,2020-03-24
281,58,179,SL00281,27.261658,94.336423,27.271658,94.346423,24.0,3786,W,4473,4886,Schist,Loam,1.406,Critical,0,2022-12-18
282,32,188,SL00282,25.26955,95.836337,25.27955,95.846337,35.5,374,N,4774,5318,Gneiss,Sandy Loam,1.695,Stable,15,2011-10-18
283,10,187,SL00283,23.861276,97.925047,23.871276,97.935047,64.2,740,NE,2589,2890,Sandstone,Clay,1.483,Unstable,1,2017-09-15
284,35,200,SL00284,22.92917,91.572221,22.93917,91.582221,60.3,2513,S,3015,3236,Granite,Rock,1.4,Unstable,8,2011-05-19
285,41,122,SL00285,22.939285,94.391416,22.949285,94.401416,47.8,323,S,2690,3236,Granite,Loam,2.137,Stable,8,2015-08-27
286,9,158,SL00286,27.453683,93.617215,27.463683,93.627215,15.7,4947,E,1213,1720,Phyllite,Loam,1.747,Unstable,7,2020-11-16
287,12,136,SL00287,27.047009,97.977009,27.057009,97.987009,19.2,1362,NW,1488,1960,Sandstone,Loam,1.732,Critical,5,2014-09-24
288,37,188,SL00288,26.9722,94.413095,26.9822,94.423095,28.2,3901,W,1250,1787,Phyllite,Silt,0.7,Marginally Stable,12,2018-10-01
289,31,68,SL00289,27.74699,95.611967,27.75699,95.621967,15.6,2686,N,3976,4125,Limestone,Sandy Loam,1.326,Critical,8,2017-07-07
290,18,69,SL00290,29.02389,98.518006,29.03389,98.528006,44.2,2080,SE,4077,4659,Phyllite,Loam,2.069,Unstable,0,2010-03-11
291,54,18,SL00291,29.281977,91.409919,29.291977,91.419919,20.2,2420,S,3953,4200,Granite,Clay,1.268,Stable,1,2023-04-30
292,43,56,SL00292,30.045393,97.70245,30.055393,97.71245,50.4,1164,W,1282,1521,Granite,Loam,0.764,Unstable,9,2020-06-22
293,43,20,SL00293,29.858368,97.873217,29.868368,97.883217,28.8,2749,S,3797,4012,Granite,Sandy Loam,1.915,Stable,12,2018-09-19
294,22,16,SL00294,22.426143,96.537481,22.436143,96.547481,23.9,1743,W,868,1100,Gneiss,Silt,1.534,Stable,4,2022-02-15
295,50,111,SL00295,23.746632,92.494703,23.756632,92.504703,60.6,697,NE,2421,2727,Sandstone,Clay,0.796,Critical,4,2024-08-23
296,41,1,SL00296,23.152136,94.446464,23.162136,94.456464,28.3,4807,N,3001,3578,Gneiss,Silt,2.319,Critical,13,2019-01-22
297,55,187,SL00297,29.148062,94.402629,29.158062,94.412629,42.0,4049,NE,327,925,Phyllite,Sandy Loam,1.33,Unstable,12,2011-03-29
298,41,166,SL00298,22.6468,94.368476,22.6568,94.378476,63.0,2475,SE,959,1189,Limestone,Clay,2.198,Critical,6,2016-09-14
299,45,100,SL00299,28.971276,95.15497,28.981276,95.16497,33.0,3687,SE,995,1188,Granite,Loam,2.282,Stable,7,2020-12-21
300,25,17,SL00300,26.631244,96.932145,26.641244,96.942145,40.0,234,N,3980,4377,Granite,Sandy Loam,2.436,Stable,12,2012-08-26
301,14,168,SL00301,22.73079,92.906822,22.74079,92.916822,48.9,4846,SE,4695,4818,Granite,Loam,0.883,Critical,0,2020-07-27
302,59,159,SL00302,25.339381,92.599878,25.349381,92.609878,21.5,2617,NE,1711,2228,Limestone,Loam,1.802,Stable,3,2012-07-24
303,32,153,SL00303,25.607005,95.667644,25.617005,95.677644,55.2,3393,SW,3791,3964,Gneiss,Rock,1.241,Marginally Stable,10,2014-10-13
304,49,12,SL00304,29.488651,98.688502,29.498651,98.698502,21.0,1476,SW,1457,1675,Sandstone,Loam,2.039,Stable,4,2012-03-29
305,51,162,SL00305,29.643065,91.023097,29.653065,91.033097,15.8,159,E,4289,4430,Gneiss,Rock,0.753,Unstable,13,2020-09-04
306,45,33,SL00306,28.557096,95.160495,28.567096,95.170495,41.2,1529,N,3675,3909,Gneiss,Silt,1.055,Stable,9,2017-10-20
307,27,2,SL00307,25.243926,90.477042,25.253926,90.487042,64.3,4521,SE,1083,1608,Gneiss,Loam,1.776,Unstable,1,2014-05-06
308,8,39,SL00308,24.336646,98.974144,24.346646,98.984144,38.7,453,N,1744,2166,Phyllite,Loam,0.904,Critical,8,2017-07-01
309,40,195,SL00309,27.978889,97.448653,27.988889,97.458653,17.6,338,NW,4702,5279,Granite,Clay,0.934,Marginally Stable,14,2023-04-18
310,38,84,SL00310,29.72004,98.756052,29.73004,98.766052,59.9,2771,SE,2184,2334,Schist,Silt,2.08,Marginally Stable,12,2014-12-13
311,5,121,SL00311,23.800155,94.786204,23.810155,94.796204,36.8,3827,E,2070,2516,Phyllite,Loam,2.363,Critical,6,2024-03-05
312,23,70,SL00312,27.654327,91.410327,27.664327,91.420327,49.6,1010,NW,788,1307,Sandstone,Loam,1.133,Unstable,7,2016-08-14
313,39,41,SL00313,27.616028,91.2283,27.626028,91.2383,45.6,4628,SE,1692,1830,Sandstone,Rock,1.698,Critical,6,2023-04-09
314,31,119,SL00314,27.827403,95.527811,27.837403,95.537811,51.8,3657,SE,2320,2522,Limestone,Clay,1.071,Critical,1,2010-11-25
315,31,188,SL00315,28.121064,95.109972,28.131064,95.119972,41.6,902,NW,4226,4783,Schist,Clay,2.138,Stable,13,2014-11-21
316,9,92,SL00316,27.462574,93.491084,27.472574,93.501084,19.5,1425,NW,4230,4304,Sandstone,Silt,1.871,Marginally Stable,12,2014-02-24
317,51,95,SL00317,29.651687,90.978841,29.661687,90.988841,15.1,2827,N,879,1232,Sandstone,Sandy Loam,1.331,Marginally Stable,2,2023-12-01
318,57,86,SL00318,23.750656,92.850087,23.760656,92.860087,62.3,1009,W,3281,3705,Sandstone,Rock,2.287,Stable,11,2018-03-21
319,12,166,SL00319,26.865074,97.811504,26.875074,97.821504,50.5,2843,SE,1977,2143,Gneiss,Silt,0.863,Marginally Stable,7,2017-03-10
320,23,69,SL00320,27.83514,91.587757,27.84514,91.597757,17.7,4083,NE,3354,3885,Gneiss,Rock,1.256,Unstable,14,2023-12-05
321,24,173,SL00321,24.426819,99.439178,24.436819,99.449178,62.0,3850,NE,837,969,Sandstone,Loam,0.958,Unstable,2,2012-06-14
322,11,71,SL00322,22.509215,90.755972,22.519215,90.765972,22.5,285,S,1973,2449,Gneiss,Rock,1.589,Marginally Stable,15,2017-10-11
323,27,114,SL00323,25.351926,90.374789,25.361926,90.384789,24.5,2003,SW,480,951,Limestone,Sandy Loam,2.256,Unstable,15,2023-04-23
324,43,179,SL00324,29.7932,97.648681,29.8032,97.658681,37.9,2610,E,1380,1696,Schist,Silt,2.307,Unstable,9,2011-01-23
325,10,91,SL00325,23.593129,97.908628,23.603129,97.918628,45.9,2436,E,1617,1846,Gneiss,Loam,1.952,Marginally Stable,7,2012-08-15
326,3,82,SL00326,27.458315,98.886333,27.468315,98.896333,33.5,384,SW,1980,2382,Schist,Sandy Loam,1.669,Critical,5,2021-12-20
327,20,32,SL00327,23.55346,93.495437,23.56346,93.505437,40.0,2723,E,1490,1544,Gneiss,Rock,2.401,Unstable,9,2020-08-18
328,58,75,SL00328,27.480763,94.533497,27.490763,94.543497,64.7,3721,SW,1504,1669,Gneiss,Silt,2.119,Stable,4,2022-05-11
329,8,79,SL00329,23.940377,98.763513,23.950377,98.773513,26.0,550,SE,3227,3816,Schist,Sandy Loam,0.776,Marginally Stable,0,2011-11-16
330,35,115,SL00330,23.328938,91.874374,23.338938,91.884374,63.8,2703,N,3531,3950,Sandstone,Loam,0.969,Critical,11,2018-08-30
331,24,4,SL00331,24.03039,99.164713,24.04039,99.174713,63.9,3739,W,1017,1520,Phyllite,Loam,1.01,Critical,13,2013-02-17
332,54,151,SL00332,29.633561,91.437484,29.643561,91.447484,30.2,641,W,4603,4743,Granite,Silt,2.475,Unstable,13,2013-12-03
333,36,119,SL00333,25.503448,90.788446,25.513448,90.798446,21.8,2471,NW,1823,1916,Phyllite,Rock,2.181,Unstable,15,2022-07-18
334,48,119,SL00334,26.626312,95.060832,26.636312,95.070832,22.7,3971,NE,2758,3102,Sandstone,Loam,2.416,Critical,7,2010-08-22
335,8,196,SL00335,24.09183,98.9896,24.10183,98.9996,18.3,4733,W,3263,3577,Gneiss,Silt,1.704,Stable,11,2021-06-30
336,47,148,SL00336,29.338527,99.080022,29.348527,99.090022,44.1,1209,SW,1497,1714,Granite,Sandy Loam,1.207,Unstable,13,2024-04-09
337,59,92,SL00337,25.341129,92.354098,25.351129,92.364098,46.9,1601,NE,929,1150,Limestone,Sandy Loam,1.576,Unstable,9,2016-02-02
338,44,179,SL00338,29.414008,98.4627,29.424008,98.4727,44.0,4344,S,1477,1908,Sandstone,Silt,0.625,Unstable,5,2012-04-19
339,14,40,SL00339,22.63243,93.130744,22.64243,93.140744,54.8,4614,NE,4606,5083,Sandstone,Clay,2.208,Stable,4,2010-05-23
340,31,90,SL00340,27.846844,95.307341,27.856844,95.317341,55.9,2902,E,4585,4946,Granite,Clay,2.051,Marginally Stable,4,2013-03-12
341,45,59,SL00341,28.617857,94.902505,28.627857,94.912505,64.1,1015,NE,3780,3849,Sandstone,Silt,1.913,Stable,6,2012-06-02
342,3,169,SL00342,27.421688,98.657359,27.431688,98.667359,20.9,2571,N,2372,2520,Granite,Rock,0.682,Marginally Stable,6,2014-02-22
343,43,90,SL00343,29.492655,97.406934,29.502655,97.416934,52.3,2949,SW,2572,2786,Limestone,Rock,2.403,Marginally Stable,2,2012-03-22
344,53,149,SL00344,28.284646,91.301203,28.294646,91.311203,50.8,4500,N,2608,2759,Schist,Rock,0.926,Critical,11,2023-03-22
345,12,113,SL00345,26.933915,97.835695,26.943915,97.845695,56.7,4312,SE,3409,3876,Granite,Sandy Loam,1.406,Stable,14,2012-06-22
346,34,35,SL00346,25.94559,97.47455,25.95559,97.48455,29.4,4144,NE,632,1076,Phyllite,Silt,0.756,Unstable,14,2015-01-25
347,36,105,SL00347,25.251654,90.848519,25.261654,90.858519,24.4,3996,SW,870,1103,Granite,Silt,2.3,Stable,12,2019-10-29
348,34,169,SL00348,26.054011,97.329331,26.064011,97.339331,34.7,1482,NE,1133,1555,Schist,Sandy Loam,2.009,Marginally Stable,12,2012-10-02
349,15,109,SL00349,27.08332,98.484211,27.09332,98.494211,50.7,3378,SW,2536,3073,Gneiss,Rock,2.037,Critical,15,2021-06-21
350,18,38,SL00350,29.0033,98.429622,29.0133,98.439622,27.5,1202,N,4373,4524,Gneiss,Clay,1.039,Stable,15,2010-08-08
351,12,98,SL00351,26.89255,97.967474,26.90255,97.977474,30.1,4359,NW,1089,1616,Schist,Sandy Loam,2.044,Critical,15,2021-04-28
352,17,139,SL00352,23.729369,93.109703,23.739369,93.119703,42.3,1075,W,558,1068,Phyllite,Silt,2.482,Critical,14,2010-10-22
353,3,46,SL00353,27.4476,99.138016,27.4576,99.148016,30.2,1201,S,1644,2092,Sandstone,Clay,1.534,Critical,15,2020-09-03
354,36,41,SL00354,25.381311,90.570131,25.391311,90.580131,39.7,2989,S,3394,3772,Granite,Clay,1.772,Stable,4,2018-03-21
355,23,190,SL00355,27.88338,91.793116,27.89338,91.803116,46.3,2927,SW,3417,3888,Phyllite,Clay,0.785,Marginally Stable,7,2015-04-07
356,42,80,SL00356,22.081519,97.467133,22.091519,97.477133,18.3,1490,N,2797,3180,Granite,Silt,0.817,Critical,13,2015-12-25
357,2,179,SL00357,23.94092,91.108742,23.95092,91.118742,30.8,900,NW,3497,3649,Gneiss,Loam,1.213,Unstable,15,2021-04-11
358,52,196,SL00358,28.628633,99.579776,28.638633,99.589776,30.0,717,SE,3871,4215,Phyllite,Clay,0.983,Unstable,12,2015-01-25
359,40,191,SL00359,28.281765,97.816624,28.291765,97.826624,43.9,4740,NW,3059,3546,Schist,Sandy Loam,1.119,Stable,9,2021-04-27
360,52,77,SL00360,28.487946,99.803769,28.497946,99.813769,25.0,4321,NW,3595,3829,Granite,Rock,1.077,Marginally Stable,15,2014-10-11
361,43,191,SL00361,30.037962,97.480362,30.047962,97.490362,46.9,590,SE,3853,4276,Sandstone,Loam,2.376,Marginally Stable,4,2016-09-25
362,55,112,SL00362,28.925656,94.447512,28.935656,94.457512,60.6,2286,S,1967,2181,Phyllite,Rock,2.207,Marginally Stable,12,2015-05-08
363,8,39,SL00363,24.04065,98.540352,24.05065,98.550352,56.4,3672,W,4102,4189,Schist,Loam,1.522,Unstable,4,2010-08-27
364,17,72,SL00364,23.918402,92.699491,23.928402,92.709491,57.6,553,NE,4280,4651,Limestone,Sandy Loam,2.086,Stable,13,2018-02-25
365,43,169,SL00365,30.006532,97.557737,30.016532,97.567737,57.0,4777,NE,1451,2035,Gneiss,Rock,1.048,Unstable,15,2012-01-10
366,16,154,SL00366,23.311666,90.879612,23.321666,90.889612,31.5,2032,W,3494,3767,Schist,Clay,2.131,Marginally Stable,6,2016-02-28
367,29,105,SL00367,25.846484,98.900489,25.856484,98.910489,39.5,1025,SW,3369,3852,Sandstone,Loam,1.929,Unstable,4,2018-02-21
368,31,184,SL00368,27.880544,95.274703,27.890544,95.284703,47.3,547,SE,585,894,Limestone,Silt,2.199,Unstable,11,2012-09-26
369,35,61,SL00369,23.437288,91.532883,23.447288,91.542883,60.5,2193,S,3519,3661,Schist,Sandy Loam,2.362,Marginally Stable,5,2019-11-05
370,41,82,SL00370,23.12008,94.507745,23.13008,94.517745,35.3,756,NW,577,1109,Gneiss,Silt,1.121,Unstable,13,2012-04-02
371,53,42,SL00371,28.245789,91.287701,28.255789,91.297701,32.6,3813,N,4786,4889,Gneiss,Loam,2.002,Critical,4,2010-01-26
372,26,52,SL00372,23.909378,90.209233,23.919378,90.219233,19.1,1165,W,1592,1969,Sandstone,Silt,1.074,Marginally Stable,8,2013-11-22
373,44,152,SL00373,29.497061,98.884917,29.507061,98.894917,24.9,3323,W,3695,3974,Granite,Clay,1.298,Marginally Stable,2,2020-05-16
374,13,68,SL00374,26.410557,99.532454,26.420557,99.542454,35.1,1322,NE,3813,4239,Schist,Rock,1.741,Stable,0,2021-10-17
375,28,198,SL00375,29.262893,93.119025,29.272893,93.129025,48.7,1764,SE,1270,1592,Phyllite,Silt,1.027,Critical,4,2019-09-04
376,55,53,SL00376,29.03955,94.528524,29.04955,94.538524,29.1,3446,E,1851,1930,Phyllite,Sandy Loam,1.395,Marginally Stable,14,2015-07-28
377,24,150,SL00377,24.27016,99.228798,24.28016,99.238798,15.5,3356,SE,1391,1833,Gneiss,Silt,2.256,Unstable,2,2012-02-20
378,36,16,SL00378,25.108568,90.893939,25.118568,90.903939,38.5,5000,N,3202,3257,Phyllite,Rock,2.494,Critical,9,2018-11-08
379,43,95,SL00379,29.554443,97.854936,29.564443,97.864936,17.1,4226,NW,1769,2166,Sandstone,Loam,1.095,Stable,10,2021-11-24
380,28,37,SL00380,28.867144,93.034762,28.877144,93.044762,63.9,2401,SW,4389,4879,Phyllite,Sandy Loam,2.256,Unstable,10,2019-10-10
381,58,43,SL00381,27.088326,94.677739,27.098326,94.687739,53.2,3704,N,1539,1782,Schist,Clay,1.656,Marginally Stable,5,2010-10-21
382,31,67,SL00382,27.758033,95.37008,27.768033,95.38008,20.8,3020,NW,4354,4872,Sandstone,Clay,0.678,Marginally Stable,3,2017-11-03
383,6,53,SL00383,26.710904,96.968593,26.720904,96.978593,23.4,4714,SE,4467,4521,Limestone,Rock,2.163,Marginally Stable,13,2011-09-22
384,16,197,SL00384,23.537166,90.452183,23.547166,90.462183,31.4,1099,W,2628,3060,Limestone,Clay,1.894,Unstable,4,2010-08-25
385,6,118,SL00385,26.68842,97.255924,26.69842,97.265924,37.7,147,SW,2506,2600,Gneiss,Rock,1.729,Critical,10,2022-10-07
386,9,55,SL00386,27.803067,93.583435,27.813067,93.593435,29.1,4582,W,754,898,Sandstone,Sandy Loam,2.013,Marginally Stable,7,2018-12-12
387,6,6,SL00387,26.701407,96.957964,26.711407,96.967964,54.0,1362,NE,2634,2989,Sandstone,Silt,1.83,Unstable,4,2018-01-20
388,43,25,SL00388,29.974332,97.627192,29.984332,97.637192,39.5,4712,W,3479,3621,Sandstone,Sandy Loam,1.505,Marginally Stable,13,2024-02-23
389,28,24,SL00389,28.735163,93.051847,28.745163,93.061847,38.2,1370,NW,2136,2725,Gneiss,Rock,1.83,Stable,9,2020-07-02
390,28,21,SL00390,29.255225,93.133367,29.265225,93.143367,22.4,2560,SE,1346,1931,Sandstone,Sandy Loam,1.9,Stable,2,2011-01-05
391,33,28,SL00391,23.760991,99.923212,23.770991,99.933212,38.2,4896,NE,2375,2940,Granite,Clay,1.275,Critical,5,2014-02-01
392,54,101,SL00392,29.301955,91.601051,29.311955,91.611051,50.2,3827,NW,2871,3192,Phyllite,Loam,1.716,Marginally Stable,5,2011-10-03
393,48,155,SL00393,26.647191,94.990145,26.657191,95.000145,36.7,1055,N,446,671,Gneiss,Silt,0.611,Critical,12,2024-10-02
394,62,191,SL00394,27.109932,92.281433,27.119932,92.291433,45.9,3335,S,3255,3394,Schist,Loam,1.912,Stable,6,2012-07-05
395,53,5,SL00395,28.244319,91.096833,28.254319,91.106833,16.3,2080,W,4241,4486,Granite,Sandy Loam,1.832,Critical,4,2020-08-18
396,28,6,SL00396,28.780775,93.388249,28.790775,93.398249,51.9,3962,N,3947,4457,Limestone,Loam,2.431,Marginally Stable,9,2022-10-09
397,54,101,SL00397,29.305353,91.356025,29.315353,91.366025,46.5,4160,S,3837,3924,Sandstone,Silt,2.461,Critical,15,2015-03-15
398,46,16,SL00398,23.239685,97.578303,23.249685,97.588303,30.8,3517,NW,820,989,Sandstone,Rock,1.109,Unstable,14,2019-10-14
399,2,42,SL00399,23.831906,91.210721,23.841906,91.220721,32.2,4914,SW,2201,2730,Schist,Sandy Loam,1.565,Critical,13,2024-08-20
400,48,93,SL00400,26.969184,95.065953,26.979184,95.075953,57.2,806,NW,1997,2179,Schist,Loam,1.137,Marginally Stable,15,2012-04-06
401,51,107,SL00401,29.841433,90.852735,29.851433,90.862735,26.7,3039,S,685,1100,Gneiss,Loam,2.499,Marginally Stable,1,2011-06-06
402,22,111,SL00402,22.339582,96.185814,22.349582,96.195814,43.1,2887,SW,4284,4381,Limestone,Sandy Loam,1.09,Marginally Stable,3,2011-02-18
403,60,113,SL00403,24.884092,96.160688,24.894092,96.170688,52.8,934,N,1167,1736,Granite,Loam,2.085,Stable,6,2018-02-10
404,11,187,SL00404,22.617274,90.932111,22.627274,90.942111,40.3,3079,SW,1113,1304,Granite,Loam,0.893,Critical,13,2010-02-23
405,16,122,SL00405,23.443092,90.698614,23.453092,90.708614,19.3,3499,SW,3350,3651,Schist,Rock,1.959,Critical,7,2013-02-04
406,52,110,SL00406,28.476246,99.725386,28.486246,99.735386,37.9,3063,N,4528,5031,Schist,Clay,2.11,Stable,2,2017-08-03
407,21,103,SL00407,24.424967,99.165095,24.434967,99.175095,18.1,1336,N,603,1185,Phyllite,Silt,1.854,Critical,9,2017-01-13
408,59,89,SL00408,25.316641,92.346968,25.326641,92.356968,41.4,3755,SE,1503,2005,Gneiss,Sandy Loam,1.931,Critical,6,2016-10-06
409,6,10,SL00409,26.51246,97.094196,26.52246,97.104196,50.9,4530,S,1332,1600,Granite,Rock,1.589,Unstable,10,2024-04-04
410,11,6,SL00410,22.458735,91.145159,22.468735,91.155159,44.6,2589,W,2277,2844,Granite,Clay,2.181,Unstable,8,2024-01-24
411,33,91,SL00411,23.528888,100.129336,23.538888,100.139336,62.1,142,NW,3976,4373,Schist,Rock,1.166,Marginally Stable,11,2016-09-17
412,19,171,SL00412,24.394674,96.485713,24.404674,96.495713,48.6,2128,NE,3393,3778,Limestone,Rock,1.587,Marginally Stable,11,2020-03-10
413,7,38,SL00413,26.486484,92.401463,26.496484,92.411463,19.1,1165,NW,809,1078,Sandstone,Clay,1.407,Unstable,12,2023-03-12
414,36,133,SL00414,25.544595,90.858509,25.554595,90.868509,44.2,4110,W,3768,3984,Schist,Rock,2.493,Marginally Stable,15,2020-04-07
415,9,181,SL00415,27.593011,93.419985,27.603011,93.429985,49.7,1384,SW,4030,4201,Limestone,Silt,1.499,Stable,3,2018-04-16
416,37,75,SL00416,26.491269,94.472483,26.501269,94.482483,33.6,4080,N,3367,3563,Schist,Rock,1.176,Critical,1,2016-11-04
417,57,73,SL00417,23.438549,93.308675,23.448549,93.318675,39.4,653,N,1302,1779,Sandstone,Rock,1.64,Unstable,14,2017-07-30
418,51,97,SL00418,29.560737,90.98852,29.570737,90.99852,45.3,3875,NW,1434,1943,Schist,Sandy Loam,1.559,Stable,13,2018-09-08
419,15,102,SL00419,26.851599,98.344592,26.861599,98.354592,48.5,825,E,3929,4004,Limestone,Sandy Loam,1.998,Stable,2,2014-04-26
420,62,159,SL00420,27.073901,92.443969,27.083901,92.453969,62.9,3998,N,4574,4747,Gneiss,Rock,0.96,Marginally Stable,0,2016-03-02
421,51,53,SL00421,29.422772,90.979871,29.432772,90.989871,59.4,4470,SW,3939,4400,Limestone,Clay,0.761,Critical,0,2017-08-16
422,28,47,SL00422,28.959862,93.362589,28.969862,93.372589,30.9,913,E,2406,2748,Schist,Loam,0.773,Unstable,2,2013-06-17
423,20,105,SL00423,23.408365,93.288048,23.418365,93.298048,63.1,579,S,1786,2235,Granite,Sandy Loam,0.652,Marginally Stable,13,2017-04-09
424,17,97,SL00424,24.088147,93.133601,24.098147,93.143601,17.6,4900,SE,2262,2816,Limestone,Rock,2.029,Critical,3,2016-01-16
425,4,82,SL00425,26.702794,90.262046,26.712794,90.272046,39.2,252,S,3638,3791,Schist,Rock,1.804,Marginally Stable,9,2022-09-30
426,27,115,SL00426,24.959645,90.743379,24.969645,90.753379,25.2,1477,SE,1466,2066,Sandstone,Rock,1.309,Critical,1,2010-01-09
427,53,119,SL00427,28.403369,91.356338,28.413369,91.366338,47.7,4050,S,1671,1977,Gneiss,Silt,0.601,Unstable,6,2023-02-15
428,54,131,SL00428,29.443587,91.44815,29.453587,91.45815,41.7,3338,NE,872,1065,Gneiss,Rock,1.171,Unstable,13,2014-09-24
429,40,130,SL00429,28.28145,97.576982,28.29145,97.586982,49.1,3808,S,3106,3407,Gneiss,Sandy Loam,1.807,Unstable,6,2020-04-24
430,62,154,SL00430,26.945874,92.537811,26.955874,92.547811,21.7,135,N,316,543,Sandstone,Rock,1.757,Critical,12,2022-01-26
431,6,167,SL00431,26.58076,97.18339,26.59076,97.19339,59.6,2991,W,3946,4362,Sandstone,Loam,1.877,Stable,3,2020-05-18
432,24,50,SL00432,24.126347,99.086812,24.136347,99.096812,16.0,3031,SE,2603,2745,Limestone,Sandy Loam,1.893,Marginally Stable,7,2021-01-28
433,62,93,SL00433,26.770878,92.285103,26.780878,92.295103,50.2,3344,NE,2012,2346,Limestone,Rock,0.614,Critical,5,2022-05-18
434,13,169,SL00434,26.433089,99.834505,26.443089,99.844505,45.1,1150,NE,1737,1917,Phyllite,Rock,0.724,Marginally Stable,8,2014-04-21
435,55,174,SL00435,28.693371,94.513286,28.703371,94.523286,48.9,3818,N,2371,2858,Gneiss,Clay,1.893,Unstable,13,2019-02-16
436,18,32,SL00436,28.950604,98.644752,28.960604,98.654752,33.1,1939,N,656,990,Sandstone,Rock,2.279,Critical,10,2010-02-12
437,26,50,SL00437,23.733223,90.549059,23.743223,90.559059,55.4,3571,NE,2148,2453,Schist,Loam,2.458,Unstable,9,2011-05-30
438,41,161,SL00438,22.650436,94.33568,22.660436,94.34568,55.4,2124,NE,3038,3572,Schist,Sandy Loam,2.197,Stable,10,2021-08-28
439,51,61,SL00439,29.841729,91.02195,29.851729,91.03195,46.0,4842,NE,1083,1220,Granite,Clay,1.788,Critical,10,2011-06-17
440,51,33,SL00440,29.312801,91.037932,29.322801,91.047932,17.7,557,N,3837,4188,Sandstone,Silt,0.725,Stable,13,2015-03-25
441,56,154,SL00441,29.603785,97.627105,29.613785,97.637105,37.7,929,SW,4102,4178,Sandstone,Rock,2.111,Unstable,6,2012-06-03
442,7,4,SL00442,26.416605,91.944927,26.426605,91.954927,54.5,1132,S,1886,2299,Sandstone,Silt,2.318,Critical,5,2015-06-15
443,9,12,SL00443,27.321395,93.2895,27.331395,93.2995,36.8,4533,E,3230,3430,Sandstone,Sandy Loam,1.191,Unstable,9,2018-04-10
444,1,133,SL00444,27.167264,90.35708,27.177264,90.36708,17.9,4683,N,4454,4936,Phyllite,Loam,2.156,Marginally Stable,6,2011-07-15
445,22,49,SL00445,22.671916,96.466669,22.681916,96.476669,64.1,4737,SW,3012,3368,Sandstone,Sandy Loam,2.219,Marginally Stable,3,2020-03-10
446,57,11,SL00446,23.606758,93.369172,23.616758,93.379172,46.9,1846,SE,2186,2728,Gneiss,Sandy Loam,1.486,Critical,6,2018-12-24
447,12,2,SL00447,26.74749,97.815539,26.75749,97.825539,16.5,3707,SE,1243,1661,Granite,Clay,0.871,Marginally Stable,6,2016-05-16
448,12,57,SL00448,27.061029,98.202602,27.071029,98.212602,32.0,276,E,2314,2632,Granite,Clay,0.939,Marginally Stable,12,2024-09-08
449,51,29,SL00449,29.47863,90.682642,29.48863,90.692642,37.8,1503,W,3328,3444,Granite,Loam,2.138,Marginally Stable,6,2014-04-20
450,35,97,SL00450,23.339312,91.490571,23.349312,91.500571,36.5,4911,SE,2303,2901,Phyllite,Loam,2.35,Unstable,7,2011-03-13
451,41,72,SL00451,23.116111,94.558602,23.126111,94.568602,63.4,766,NW,4305,4421,Schist,Rock,0.998,Critical,11,2021-03-08
452,34,119,SL00452,25.755499,97.685292,25.765499,97.695292,41.3,4153,NW,4259,4583,Limestone,Silt,1.96,Stable,6,2014-12-04
453,58,52,SL00453,27.170248,94.221631,27.180248,94.231631,25.9,4780,E,3781,4214,Phyllite,Rock,2.289,Stable,4,2011-11-20
454,19,114,SL00454,24.235092,96.194907,24.245092,96.204907,17.1,3590,NW,4496,5024,Sandstone,Silt,1.78,Unstable,15,2017-02-10
455,18,98,SL00455,28.557331,98.629813,28.567331,98.639813,28.3,775,S,921,1484,Limestone,Rock,1.282,Stable,8,2015-02-09
456,7,31,SL00456,26.102309,91.927369,26.112309,91.937369,25.0,2148,S,1910,2241,Schist,Rock,1.883,Marginally Stable,8,2010-03-11
457,50,77,SL00457,23.784707,92.316679,23.794707,92.326679,64.8,197,NW,3623,4197,Schist,Silt,2.162,Marginally Stable,7,2014-09-16
458,31,60,SL00458,27.969395,95.561385,27.979395,95.571385,52.9,803,SW,4079,4321,Sandstone,Silt,1.247,Marginally Stable,14,2020-02-04
459,55,143,SL00459,28.697562,94.01477,28.707562,94.02477,58.7,179,NW,2803,3216,Phyllite,Loam,2.392,Critical,13,2019-01-18
460,49,200,SL00460,29.547111,98.666982,29.557111,98.676982,44.3,1359,SW,563,1013,Sandstone,Loam,2.352,Critical,2,2021-12-27
461,25,49,SL00461,26.440467,96.743405,26.450467,96.753405,63.1,954,E,2795,2877,Gneiss,Rock,0.777,Critical,0,2014-03-10
462,13,18,SL00462,26.536607,99.662736,26.546607,99.672736,25.3,673,NW,2684,2792,Phyllite,Rock,1.853,Stable,5,2017-04-30
463,56,106,SL00463,29.365963,97.846457,29.375963,97.856457,21.5,663,W,3727,3988,Schist,Loam,1.509,Unstable,13,2024-11-28
464,31,41,SL00464,28.022126,95.653293,28.032126,95.663293,44.4,3859,S,4416,4672,Granite,Loam,1.962,Critical,2,2018-12-15
465,39,64,SL00465,27.457814,91.391682,27.467814,91.401682,59.0,420,NE,4069,4413,Gneiss,Silt,1.479,Unstable,9,2018-10-09
466,40,45,SL00466,27.956032,97.493747,27.966032,97.503747,45.9,1602,NE,3839,4291,Gneiss,Clay,1.47,Marginally Stable,5,2016-02-21
467,57,161,SL00467,23.631843,93.217194,23.641843,93.227194,18.3,3469,NE,2079,2506,Granite,Clay,2.327,Unstable,13,2020-02-12
468,11,65,SL00468,22.566423,90.693981,22.576423,90.703981,16.3,3371,SE,4083,4539,Granite,Clay,1.324,Unstable,3,2013-01-23
469,21,172,SL00469,24.285006,99.357356,24.295006,99.367356,18.4,3685,E,4792,5324,Phyllite,Loam,1.848,Marginally Stable,0,2023-08-13
470,7,46,SL00470,26.235987,92.225192,26.245987,92.235192,34.5,191,S,935,1142,Sandstone,Sandy Loam,1.876,Marginally Stable,6,2010-10-10
471,58,173,SL00471,27.218379,94.346235,27.228379,94.356235,17.4,942,W,4583,4948,Sandstone,Clay,1.818,Stable,1,2018-06-19
472,50,52,SL00472,24.172892,92.333487,24.182892,92.343487,26.9,328,N,1048,1443,Schist,Clay,0.63,Marginally Stable,3,2024-11-23
473,11,186,SL00473,22.542228,90.916608,22.552228,90.926608,20.4,1652,SE,2979,3433,Sandstone,Clay,1.213,Marginally Stable,6,2012-05-17
474,23,83,SL00474,27.637173,91.575284,27.647173,91.585284,30.8,1903,NE,3488,3823,Gneiss,Rock,1.004,Unstable,1,2011-07-06
475,57,56,SL00475,23.555858,93.277727,23.565858,93.287727,40.0,4762,E,1134,1441,Granite,Rock,1.954,Unstable,12,2012-12-24
476,22,45,SL00476,22.652412,96.58018,22.662412,96.59018,30.9,244,NW,4249,4690,Limestone,Loam,0.728,Stable,7,2010-06-23
477,40,195,SL00477,28.245068,97.571309,28.255068,97.581309,51.9,590,E,2295,2728,Sandstone,Sandy Loam,1.778,Marginally Stable,4,2018-06-06
478,14,165,SL00478,22.353144,93.185845,22.363144,93.195845,44.9,2792,E,3935,4269,Phyllite,Clay,2.005,Critical,9,2010-07-14
479,15,188,SL00479,26.846962,98.462449,26.856962,98.472449,42.0,1922,W,2334,2917,Phyllite,Loam,2.123,Critical,0,2011-06-14
480,56,126,SL00480,29.173291,97.368179,29.183291,97.378179,46.7,1128,NE,1459,1686,Limestone,Rock,2.383,Marginally Stable,7,2021-05-19
481,6,110,SL00481,26.624993,97.047078,26.634993,97.057078,51.1,2139,S,2306,2648,Limestone,Silt,1.406,Marginally Stable,8,2020-10-16
482,6,93,SL00482,26.428947,96.96086,26.438947,96.97086,37.1,3650,E,4439,4982,Granite,Silt,1.758,Critical,2,2016-09-25
483,39,138,SL00483,27.233979,91.281489,27.243979,91.291489,27.9,2420,W,4098,4640,Granite,Sandy Loam,1.181,Marginally Stable,15,2014-05-23
484,10,49,SL00484,23.425008,97.851893,23.435008,97.861893,51.5,3506,W,3365,3797,Sandstone,Silt,1.534,Unstable,2,2019-03-03
485,57,10,SL00485,23.904683,92.891887,23.914683,92.901887,61.6,3674,S,1630,2036,Limestone,Silt,0.969,Unstable,1,2024-08-07
486,25,109,SL00486,26.596999,96.691512,26.606999,96.701512,16.7,331,E,3260,3577,Limestone,Silt,1.799,Marginally Stable,8,2015-07-20
487,39,149,SL00487,27.713367,91.35041,27.723367,91.36041,15.6,3248,W,1056,1188,Limestone,Loam,1.824,Critical,5,2019-07-29
488,17,178,SL00488,23.704532,93.17451,23.714532,93.18451,47.9,3471,NE,3435,3596,Gneiss,Rock,1.714,Unstable,4,2016-01-13
489,48,54,SL00489,27.04961,94.824882,27.05961,94.834882,30.4,112,NE,1679,1800,Gneiss,Silt,2.151,Critical,9,2019-09-01
490,11,46,SL00490,22.666791,91.089628,22.676791,91.099628,24.9,1003,NW,1790,2057,Schist,Loam,1.555,Stable,5,2014-04-21
491,17,105,SL00491,23.787638,93.141683,23.797638,93.151683,20.5,802,W,1660,1837,Phyllite,Clay,0.752,Unstable,0,2023-02-19
492,16,123,SL00492,23.529417,90.85192,23.539417,90.86192,15.5,159,N,2479,2628,Schist,Rock,2.028,Stable,12,2023-07-11
493,34,195,SL00493,25.807601,97.549356,25.817601,97.559356,52.8,2910,SW,3818,4113,Phyllite,Silt,1.239,Critical,1,2017-12-26
494,56,85,SL00494,29.615062,97.254551,29.625062,97.264551,58.5,1237,N,3591,3766,Limestone,Sandy Loam,1.978,Marginally Stable,11,2020-02-20
495,40,176,SL00495,28.102326,97.67112,28.112326,97.68112,35.7,2739,N,1839,2257,Granite,Sandy Loam,0.606,Critical,7,2023-08-11
496,32,103,SL00496,25.571023,96.011676,25.581023,96.021676,32.4,922,W,4200,4550,Limestone,Loam,2.475,Marginally Stable,1,2012-11-13
497,32,23,SL00497,25.308309,95.939137,25.318309,95.949137,42.4,3755,NE,4124,4667,Gneiss,Rock,0.919,Marginally Stable,7,2014-09-30
498,11,193,SL00498,23.008526,91.087145,23.018526,91.097145,20.3,2774,W,539,876,Schist,Sandy Loam,0.904,Critical,3,2024-12-04
499,9,137,SL00499,27.665229,93.397675,27.675229,93.407675,54.8,4818,NE,3026,3427,Sandstone,Silt,2.257,Critical,7,2015-01-06
500,17,30,SL00500,23.697786,92.66073,23.707786,92.67073,32.0,1051,SW,1841,2021,Phyllite,Silt,2.015,Stable,9,2011-05-22
